"department","source_file","action_id","category_group_code","category_group","type","confidence","records","evidence","recommended_action","source_1","source_2","apply_now","requires_human_review"
"Colonia","arandu_colonia_correcciones_existentes.json","DUP-001","SIN_CLASIFICAR","Pendiente de clasificación humana","Duplicado confirmado","Alta","FAC-LEGACY-MSP24-181-FF88636802664DF1 | Arbol De La Vida | FAC-LEGACY-ELP-0105-6E19556541A46F86 | Árbol de la Vida","Mismo establecimiento y dirección Senaqué 85/Juana C. Campomar 131; la fila principal tiene habilitación MSP y certificado social actuales.","Preparar una propuesta de fusión reversible: conservar la fila principal, mover alias y fuentes, y marcar la secundaria como fusionada. Revisar manualmente antes de aplicar.","https://www.gub.uy/ministerio-desarrollo-social/etiqueta/otros/colonia-establecimientos-larga-estadia-para-personas-mayores-certificado-social","","False","True"
"Colonia","arandu_colonia_correcciones_existentes.json","DUP-002","SIN_CLASIFICAR","Pendiente de clasificación humana","Duplicado confirmado","Alta","FAC-LEGACY-MSP24-180-44F328CE4EEAC11B | Hogar De Ancianos De Nueva Helvecia | FAC-OFFICIAL-ELP-0116-A5139C290958E3E3 | Hogar de Ancianos de la Sociedad de Auxilio Frauenverein","Misma dirección Germán Imhoff 904, coordenadas casi idénticas y mismo teléfono institucional.","Preparar una propuesta de fusión reversible: conservar la fila principal, mover alias y fuentes, y marcar la secundaria como fusionada. Revisar manualmente antes de aplicar.","https://www.gub.uy/ministerio-salud-publica/sites/ministerio-salud-publica/files/2026-06/ELEPEM%20HABILITADOS%20JUNIO%202026.pdf","","False","True"
"Colonia","arandu_colonia_correcciones_existentes.json","DUP-003","SIN_CLASIFICAR","Pendiente de clasificación humana","Duplicado confirmado","Alta","FAC-LEGACY-MSP24-176-94333E846CB0216E | Hogar De Ancianos De Colonia Valdense | FAC-OFFICIAL-ELP-0122-CF6253FE500D88B8 | Hogar para Ancianos de Colonia","Misma dirección Armand Ugón 1569 y coordenadas prácticamente idénticas.","Preparar una propuesta de fusión reversible: conservar la fila principal, mover alias y fuentes, y marcar la secundaria como fusionada. Revisar manualmente antes de aplicar.","https://www.gub.uy/ministerio-salud-publica/sites/ministerio-salud-publica/files/2026-06/ELEPEM%20HABILITADOS%20JUNIO%202026.pdf","","False","True"
"Colonia","arandu_colonia_correcciones_existentes.json","DUP-004","SIN_CLASIFICAR","Pendiente de clasificación humana","Duplicado confirmado","Alta","FAC-LEGACY-MSP24-178-4DF69FF5EC0DF23E | Asociación Cristo Salvador Probienestar Del Anciano | FAC-LEGACY-ELP-0112-532F86D862C9BA62 | Hogar De Ancianos De Ombues De Lavalle","Misma institución en Ruta 55 km 22/22,5; fuentes actuales usan Cristo Salvador y el listado social usa Hogar de Ombúes con el mismo teléfono.","Preparar una propuesta de fusión reversible: conservar la fila principal, mover alias y fuentes, y marcar la secundaria como fusionada. Revisar manualmente antes de aplicar.","https://www.gub.uy/ministerio-salud-publica/sites/ministerio-salud-publica/files/2026-06/ELEPEM%20HABILITADOS%20JUNIO%202026.pdf","","False","True"
"Colonia","arandu_colonia_correcciones_existentes.json","DUP-005","SIN_CLASIFICAR","Pendiente de clasificación humana","Duplicado confirmado","Alta","FAC-LEGACY-ELP-0134-55E0D8C40CBA9D48 | LUZ O SAN BENITO | FAC-LEGACY-ELP-0142-967C18C7FE49F75A | Ruben Alfredo Castillo Roqueta","Dirección y coordenadas exactas: Baltasar Brum 650; una fila es nombre del establecimiento y la otra parece nombre del titular.","Preparar una propuesta de fusión reversible: conservar la fila principal, mover alias y fuentes, y marcar la secundaria como fusionada. Revisar manualmente antes de aplicar.","https://www.gub.uy/ministerio-desarrollo-social/sites/ministerio-desarrollo-social/files/2020-06/elepem_Colonia.pdf","","False","True"
"Colonia","arandu_colonia_correcciones_existentes.json","DUP-006","SIN_CLASIFICAR","Pendiente de clasificación humana","Duplicado probable","Media-alta","FAC-LEGACY-ELP-0143-FBE9962E305BDAB6 | Sacramento | FAC-LEGACY-ELP-0144-52DAE88F6FE89D9F | SACRAMENTO","Mismo nombre y número 21203; las calles figuran como Camino Aeropuerto/Camino Laguna y una coordenada es claramente errónea.","Comparar dirección, fuentes oficiales, teléfono público y cronología; no fusionar hasta confirmar que es la misma sede.","https://www.gub.uy/ministerio-desarrollo-social/etiqueta/otros/colonia-establecimientos-larga-estadia-para-personas-mayores-certificado-social","","False","True"
"Colonia","arandu_colonia_correcciones_existentes.json","REV-001","SIN_CLASIFICAR","Pendiente de clasificación humana","Identidad por resolver","Media","FAC-LEGACY-ELP-0126-902CC21B93773EC3 | INSTITUTO PRO-BIENESTAR SOCIAL DEL ANCIANO DE ROSARIO | FAC-LEGACY-ELP-0125-D9D86460148752FA | Institución Porbienestar social del anciano de Rosario","Misma institución nominal, pero direcciones distintas dentro de Rosario y fuentes administrativas diferentes.","Reconstruir identidad, sede y vigencias mediante fuentes públicas; no fusionar ni crear una nueva ficha hasta resolver el caso.","https://www.gub.uy/ministerio-desarrollo-social/sites/ministerio-desarrollo-social/files/2020-06/elepem_Colonia.pdf","","False","True"
"Colonia","arandu_colonia_correcciones_existentes.json","REV-002","SIN_CLASIFICAR","Pendiente de clasificación humana","Identidad por resolver","Media","FAC-LEGACY-ELP-0138-D525586A24CDC068 | Mis Soles — Intendente Suárez 167 | FAC-LEGACY-ELP-0137-94D905872DEF525A | MIS SOLES — Av. Artigas 670","La primera figura en el Certificado Social 2026; un directorio sigue mostrando la segunda dirección.","Reconstruir identidad, sede y vigencias mediante fuentes públicas; no fusionar ni crear una nueva ficha hasta resolver el caso.","https://www.gub.uy/ministerio-desarrollo-social/etiqueta/otros/colonia-establecimientos-larga-estadia-para-personas-mayores-certificado-social","","False","True"
"Colonia","arandu_colonia_correcciones_existentes.json","REV-003","SIN_CLASIFICAR","Pendiente de clasificación humana","Identidad por resolver","Media-baja","FAC-LEGACY-ELP-0140-9F2678684042F0C7 | Residencial Rivera | FAC-LEGACY-ELP-0139-1F9CBEF60AE29C74 | Residencial Adriana Alvarez","Direcciones Rivera 288 y Colonia 288, coordenadas cercanas y una sola fila habilitada; puede existir error de transcripción.","Reconstruir identidad, sede y vigencias mediante fuentes públicas; no fusionar ni crear una nueva ficha hasta resolver el caso.","https://www.gub.uy/ministerio-salud-publica/sites/ministerio-salud-publica/files/2026-06/ELEPEM%20HABILITADOS%20JUNIO%202026.pdf","","False","True"
"Colonia","arandu_colonia_correcciones_existentes.json","REV-004","SIN_CLASIFICAR","Pendiente de clasificación humana","Identidad por resolver","Media-alta","FAC-LEGACY-ELP-0127-34D43B80D87EAE8F | La Armonia | COL-P15 | La Carmela","Misma dirección Carmen 348 en Arandú/MIDES 2020; el CIEn usa La Carmela.","Reconstruir identidad, sede y vigencias mediante fuentes públicas; no fusionar ni crear una nueva ficha hasta resolver el caso.","https://www.gub.uy/ministerio-desarrollo-social/sites/ministerio-desarrollo-social/files/2020-06/elepem_Colonia.pdf","","False","True"
"Colonia","arandu_colonia_correcciones_existentes.json","COR-001","SIN_CLASIFICAR","Pendiente de clasificación humana","Departamento incorrecto","Alta","FAC-LEGACY-ELP-0132-A8BA058557CFDCE7 | LAS ABUELAS","La propia fila dice localidad Montevideo y dirección Caracé 5618, pero está incluida en Colonia; las coordenadas también están fuera de Montevideo.","Retirar del conteo departamental propuesto y preparar corrección de departamento/localidad solo después de validar dirección y vigencia.","https://www.gub.uy/ministerio-desarrollo-social/sites/ministerio-desarrollo-social/files/2020-06/elepem_Colonia.pdf","","False","True"
"Colonia","arandu_colonia_correcciones_existentes.json","COR-002","SIN_CLASIFICAR","Pendiente de clasificación humana","Departamento incorrecto","Alta","FAC-LEGACY-ELP-0145-9D10D954419833C2 | Valle Vilcamba","La dirección es Alejandro Fleming 1741, Montevideo. El MSP 2026 lista Valle Vilcabamba habilitado exactamente en esa dirección.","Retirar del conteo departamental propuesto y preparar corrección de departamento/localidad solo después de validar dirección y vigencia.","https://www.gub.uy/ministerio-salud-publica/sites/ministerio-salud-publica/files/2026-06/ELEPEM%20HABILITADOS%20JUNIO%202026.pdf","","False","True"
"Colonia","arandu_colonia_correcciones_existentes.json","COR-003","SIN_CLASIFICAR","Pendiente de clasificación humana","Localidad/dirección/geocódigo","Alta","FAC-LEGACY-ELP-0107-960314EEC9498811 | Bellagio","MIDES 2020 y directorio actual lo ubican en Públicas 576 esq. Real de San Carlos, Colonia del Sacramento; Arandú lo ubica en Juan Lacaze.","Preparar corrección de localidad, dirección y coordenadas a partir de fuentes públicas; conservar valores anteriores para auditoría.","https://1122.com.uy/rubro-zona/colonia/geriatrico/PRD10112101/Z05","","False","True"
"Colonia","arandu_colonia_correcciones_existentes.json","COR-004","SIN_CLASIFICAR","Pendiente de clasificación humana","Localidad/dirección/geocódigo","Alta","FAC-LEGACY-MSP24-179-66D4323AD735D24C | Asociación Civil Pro Bienesttar Social De La Tercera Edad","La dirección y las listas oficiales indican Colonia Miguelete, pero la localidad está cargada como Carmelo.","Preparar corrección de localidad, dirección y coordenadas a partir de fuentes públicas; conservar valores anteriores para auditoría.","https://www.gub.uy/ministerio-salud-publica/sites/ministerio-salud-publica/files/2026-06/ELEPEM%20HABILITADOS%20JUNIO%202026.pdf","","False","True"
"Colonia","arandu_colonia_correcciones_existentes.json","COR-005","SIN_CLASIFICAR","Pendiente de clasificación humana","Localidad/dirección/geocódigo","Alta","FAC-LEGACY-MSP24-175-C2CF644275FD0B9B | Hogar De Ancianos De Juan Lacaze","El MSP 2026 indica Juan Lacaze, Ruta 54 km 2; Arandú usa Colonia Rural y una coordenada incompatible.","Preparar corrección de localidad, dirección y coordenadas a partir de fuentes públicas; conservar valores anteriores para auditoría.","https://www.gub.uy/ministerio-salud-publica/sites/ministerio-salud-publica/files/2026-06/ELEPEM%20HABILITADOS%20JUNIO%202026.pdf","","False","True"
"Colonia","arandu_colonia_correcciones_existentes.json","COR-006","SIN_CLASIFICAR","Pendiente de clasificación humana","Localidad/dirección/geocódigo","Alta","FAC-LEGACY-ELP-0113-18EC9DD2C8914DEF | Hogar de Ancianos Cardona, Florencio Sánchez y zonas vecinas","La dirección corresponde al área Florencio Sánchez/Cardona; la localidad genérica Colonia Rural dificulta búsquedas.","Preparar corrección de localidad, dirección y coordenadas a partir de fuentes públicas; conservar valores anteriores para auditoría.","https://www.gub.uy/ministerio-desarrollo-social/sites/ministerio-desarrollo-social/files/2020-06/elepem_Colonia.pdf","","False","True"
"Colonia","arandu_colonia_correcciones_existentes.json","COR-007","SIN_CLASIFICAR","Pendiente de clasificación humana","Localidad/dirección/geocódigo","Alta","FAC-LEGACY-ELP-0108-6F0DFDEE8432E5AC | Brisas Del Plata","MIDES 2026 confirma Valdense, Ruta 1 km 121,500; la coordenada actual está en otra zona.","Preparar corrección de localidad, dirección y coordenadas a partir de fuentes públicas; conservar valores anteriores para auditoría.","https://www.gub.uy/ministerio-desarrollo-social/etiqueta/otros/colonia-establecimientos-larga-estadia-para-personas-mayores-certificado-social","","False","True"
"Colonia","arandu_colonia_correcciones_existentes.json","COR-008","SIN_CLASIFICAR","Pendiente de clasificación humana","Localidad/dirección/geocódigo","Media-alta","FAC-LEGACY-MSPREG24-016-D538DF4A5D2798AF | Hogar de Ana","La dirección histórica es Ruta 1 km 122,500, Colonia Valdense; la coordenada actual no coincide.","Preparar corrección de localidad, dirección y coordenadas a partir de fuentes públicas; conservar valores anteriores para auditoría.","https://www.gub.uy/ministerio-desarrollo-social/sites/ministerio-desarrollo-social/files/2020-06/elepem_Colonia.pdf","","False","True"
"Colonia","arandu_colonia_correcciones_existentes.json","COR-009","SIN_CLASIFICAR","Pendiente de clasificación humana","Localidad/dirección/geocódigo","Alta","FAC-LEGACY-ELP-0135-7CECD751BA8A7CAF | Mi Hogarcito","MIDES 2026 confirma Valdense, 25 de Agosto 809; la coordenada actual está en otra localidad.","Preparar corrección de localidad, dirección y coordenadas a partir de fuentes públicas; conservar valores anteriores para auditoría.","https://www.gub.uy/ministerio-desarrollo-social/etiqueta/otros/colonia-establecimientos-larga-estadia-para-personas-mayores-certificado-social","","False","True"
"Colonia","arandu_colonia_correcciones_existentes.json","COR-010","SIN_CLASIFICAR","Pendiente de clasificación humana","Dirección/nomenclátor por revisar","Media-alta","FAC-LEGACY-ELP-0123-7F6E12B8045067A6 | Hogar Tarariras","Arandú registra Cincuentenario 1566, mientras la fuente pública departamental vigente publica Av. Ernesto Mc. Alister 1566.","Comparar nomenclátor, padrón y fuentes públicas; preparar una corrección reversible solo si ambas direcciones corresponden a la misma sede.","https://www.gub.uy/ministerio-desarrollo-social/tramites-y-servicios/contenido/colonia","","False","True"
"Canelones","arandu_canelones_correcciones_consolidadas_67.json","CDC-COR-001","ID","Identidad, duplicado, sede o continuidad","Identidades y sedes invertidas","Alta","FAC-CANDIDATE-64 Kairo's 1; FAC-CANDIDATE-65 Kairo's 2","Fuentes públicas específicas atribuyen Kairo's 1 a Cruz del Sur M314 S6 y Kairo's 2 a Marques Castro M15 S26; Arandú los tiene al revés. La sede de Cruz del Sur figura cerrada desde 2023 en otro directorio.","No publicar ni corregir automáticamente. Revisar nombres, direcciones y estado operativo; preservar historial de ambas sedes.","https://inforesidenciales.com.uy/kairos1/ | https://inforesidenciales.com.uy/kairos2/ | https://uy.todosnegocios.com/residencial-kairos","","False","True"
"Canelones","arandu_canelones_correcciones_consolidadas_67.json","CDC-COR-002","ID","Identidad, duplicado, sede o continuidad","Candidato corresponde a ficha existente","Alta","FAC-CANDIDATE-97 El Hogar II; FAC-LEGACY-ELP-0016 El Hogar","La fuente pública actual presenta El Hogar en Achiras M24 S20; la ficha existente usa S23 y la cola llama a S20 'El Hogar II'.","Vincular como una sola identidad después de revisar S20/S23; enriquecer teléfonos y sitio. No crear un segundo punto.","https://inforesidenciales.com.uy/el-hogar/","","False","True"
"Canelones","arandu_canelones_correcciones_consolidadas_67.json","CDC-COR-003","GEO","Dirección, localidad o geocódigo","Conflicto de calle en ficha geolocalizada","Alta","FAC-CANDIDATE-71 Vila de Rosa","Arandú carga Ema Capurro M17 S7; el sitio propio actual publica Carabelas M17 S7.","Validar la calle y geocódigo antes de cambiar la ficha; conservar ambos valores en auditoría.","https://www.viladerosa.com/","","False","True"
"Canelones","arandu_canelones_correcciones_consolidadas_67.json","CDC-COR-004","GEO","Dirección, localidad o geocódigo","Localidad y dirección faltante","Alta","FAC-CANDIDATE-27 residencial shangrila","La fila OSM está en Lagomar y sin dirección; la revisión exacta ubica el establecimiento en Shangrilá, Paraguay M13 S20 esq. Sáenz Peña.","Enriquecer la ficha existente y validar coordenadas; no crear una nueva.","https://1122.com.uy/rubro-zona/lomas-de-solymar/residenciales/PRD1000233/Z03953","","False","True"
"Canelones","arandu_canelones_correcciones_consolidadas_67.json","CDC-COR-005","ID","Identidad, duplicado, sede o continuidad","Duplicado y conflicto de sede","Alta","FAC-LEGACY-MSP24-166 La Bonne Vie; FAC-OFFICIAL-ELP-0044 La Bonne Vie; FAC-CANDIDATE-102; La Alegría de Vivir — Mar de Ajó M15 S2","Arandú duplica La Bonne Vie en Río Negro M216 S15 y una fuente comercial vigente publica Mar de Ajó M15 S2. El directorio local también publica La Alegría de Vivir en Mar de Ajó M15 S2, posible alias o rebranding.","Resolver cronología, localidad, operador, alias y posible traslado/segunda sede; fusionar únicamente duplicados demostrados.","https://1122.com.uy/local/residencial-la-bonne-vie/LOC518040001","https://www.ciudaddelacosta.com.uy/modules/directorio/lstDirectorio.php?id=110&listar=por_categoria","False","True"
"Canelones","arandu_canelones_correcciones_consolidadas_67.json","CDC-COR-006","GEO","Dirección, localidad o geocódigo","Duplicado probable y colisión de coordenadas","Alta","FAC-LEGACY-ELP-0064 Pinares; FAC-LEGACY-ELP-0065 PINARES; FAC-LEGACY-ELP-0054 La Tacuara","Las dos filas Pinares parecen duplicadas; ambas y La Tacuara comparten exactamente las mismas coordenadas pese a direcciones diferentes.","Fusionar Pinares solo tras revisar direcciones; geocodificar por separado Pinares y La Tacuara.","Consulta de solo lectura a public.elepem","","False","True"
"Canelones","arandu_canelones_correcciones_consolidadas_67.json","CDC-COR-007","GEO","Dirección, localidad o geocódigo","Duplicado probable y geocódigo conflictivo","Alta","FAC-LEGACY-ELP-0011 Centro Vital; FAC-LEGACY-ELP-0012 CENTRO VITAL; FAC-LEGACY-ELP-0041 Jacarandá","Centro Vital aparece dos veces; una de esas filas comparte coordenadas exactas con Jacarandá, aunque las direcciones difieren.","Resolver el duplicado de Centro Vital y geocodificar Centro Vital/Jacarandá por dirección, no por el punto heredado.","Consulta de solo lectura a public.elepem","","False","True"
"Canelones","arandu_canelones_correcciones_consolidadas_67.json","CDC-COR-008","ID","Identidad, duplicado, sede o continuidad","Duplicado probable","Media-alta","FAC-LEGACY-ELP-0020 El Renacer; FAC-LEGACY-ELP-0021 EL RENACER","Mismo nombre, manzana y solar 7, con variantes Gestido/Canelones y Pinos; coordenadas cercanas.","Comparar teléfono, calle y fuentes; fusionar únicamente si se confirma la misma sede.","Consulta de solo lectura a public.elepem","","False","True"
"Canelones","arandu_canelones_correcciones_consolidadas_67.json","CDC-COR-009","ID","Identidad, duplicado, sede o continuidad","Duplicado confirmado por nombre y dirección","Alta","FAC-LEGACY-MSP24-170 La Rochelle; FAC-OFFICIAL-ELP-0052 La Rochelle","Mismo nombre y dirección M33 S16, con pequeñas diferencias ortográficas y coordenadas distintas.","Conservar la fila con Certificado Social actual, trasladar fuentes/teléfono y archivar la secundaria como fusionada.","Consulta de solo lectura a public.elepem","","False","True"
"Canelones","arandu_canelones_correcciones_consolidadas_67.json","CDC-COR-010","ID","Identidad, duplicado, sede o continuidad","Posible alias o duplicado por dirección exacta","Media-alta","FAC-LEGACY-ELP-0008 Bonsejour La Costa; FAC-LEGACY-ELP-0013 Dra Teresita","Misma dirección Viña del Mar M16 S27 y coordenadas exactas.","Resolver si Dra Teresita es operador, nombre anterior o establecimiento distinto; no mantener dos sedes sin evidencia.","Consulta de solo lectura a public.elepem","","False","True"
"Canelones","arandu_canelones_correcciones_consolidadas_67.json","CDC-COR-011","GEO","Dirección, localidad o geocódigo","Duplicado y localidad incorrecta","Alta","FAC-LEGACY-MSP24-167 Seniority Magna; FAC-OFFICIAL-ELP-0093 Seniority Magna","Misma dirección Niterói 948; una fila figura en Barros Blancos con geocódigo incompatible y otra en Barra de Carrasco.","Conservar la identidad oficial, corregir localidad/geocódigo y fusionar la segunda fila preservando fuentes.","Consulta de solo lectura a public.elepem","","False","True"
"Canelones","arandu_canelones_correcciones_consolidadas_67.json","CDC-COR-012","GEO","Dirección, localidad o geocódigo","Conflicto interno de solar","Alta","FAC-CANDIDATE-68 Arenas","El sitio propio publica solar 14 en la sección de mapa y solar 15 en el pie de página.","Mantener M55 esquina Santa Bernardita sin elegir solar hasta resolver con otra fuente pública o IDE.","https://arenas.uy/","","False","True"
"Canelones","arandu_canelones_correcciones_consolidadas_67.json","CO-COR-001","ENR","Enriquecer ficha existente","Enriquecer ficha geolocalizada","Alta","FAC-CANDIDATE-84 Eublana Residencial","La ficha pública actual aporta teléfono 095 775 749 y confirma Joaquín Suárez entre calles 8 y 19.","Añadir teléfono y fuente; validar que las coordenadas IDE correspondan a la dirección. No crear otra ficha.","https://1122.com.uy/local/eublana-residencial/LOC620850001","","False","True"
"Canelones","arandu_canelones_correcciones_consolidadas_67.json","CO-COR-002","ID","Identidad, duplicado, sede o continuidad","Relación de traslado u operador","Alta","Phoenix Parque del Plata; Los Años Dorados Soca/La Floresta","Phoenix declara haber comenzado en Soca y trasladarse a Parque del Plata; comparte 098 774 852 con Los Años Dorados.","Documentar la cronología y el operador antes de crear, fusionar o archivar sedes.","https://residencialphoenix.uy/nosotros | https://1122.com.uy/local/los-anos-dorados/LOC431880001","","False","True"
"Canelones","arandu_canelones_correcciones_consolidadas_67.json","CO-COR-003","ID","Identidad, duplicado, sede o continuidad","Posible rebranding o duplicado de sitio","Alta","FAC-LEGACY-ELP-0063 Nuevo Amanecer; Los Años Dorados La Floresta","Ambos se ubican en Argentina esquina Las Flores; la ficha de Arandú usa M6 S7.","Resolver nombre actual, historial y operador; no mantener dos puntos en la misma sede sin evidencia.","https://1122.com.uy/local/los-anos-dorados/LOC431880002 | consulta de solo lectura a public.elepem","","False","True"
"Canelones","arandu_canelones_correcciones_consolidadas_67.json","CO-COR-004","ID","Identidad, duplicado, sede o continuidad","Homónimo o traslado por resolver","Alta","Hogar Mi Sueño Pinamar; FAC-LEGACY-ELP-0060 Mi Sueño Barra de Carrasco; referencia histórica Neptunia","Existen al menos tres ubicaciones asociadas al nombre Mi Sueño en Canelones.","Comparar teléfonos, operadores y cronología; no fusionar por nombre.","https://laguiadigital.uy/hogar-mi-sueno/ | consulta de solo lectura a public.elepem","","False","True"
"Canelones","arandu_canelones_correcciones_consolidadas_67.json","CO-COR-005","ID","Identidad, duplicado, sede o continuidad","Identidad y sedes históricas por resolver","Media-alta","Residencia Salinas; SALINAS; SALINAS II; Residencial de Ancianos Salinas","Fuentes actuales e históricas describen varias sedes sobre Zorrilla de San Martín y Ruta Interbalnearia/Abaroré, con teléfonos discordantes.","Mantener las sedes separadas hasta reconstruir solar, operador y vigencia; no crear ni fusionar automáticamente.","https://laguiauruguay.com.uy/empresas/residencial-salinas/ | https://1122.com.uy/rubro-zona/salinas/residenciales/PRD1000233/Z03131","","False","True"
"Canelones","arandu_canelones_correcciones_consolidadas_67.json","CO-COR-006","GEO","Dirección, localidad o geocódigo","Duplicado probable con geocódigos erróneos","Alta","FAC-LEGACY-ELP-0079 y FAC-LEGACY-ELP-0080 Residencial Las Tres Marías","Mismo nombre y localidad con dos direcciones; una coordenada cae fuera de Atlántida y la otra carece de dirección precisa.","Comparar fuentes, resolver si son una o dos sedes y geocodificar por dirección antes de fusionar.","Consulta de solo lectura a public.elepem","","False","True"
"Canelones","arandu_canelones_correcciones_consolidadas_67.json","CO-COR-007","GEO","Dirección, localidad o geocódigo","Localidad/geocódigo incorrecto y estado operativo por revisar","Alta","FAC-LEGACY-MSPREG24-014 Hogar Huellas","Arandú lo ubica en Ciudad de la Costa; fuentes oficiales sitúan el hogar en Ñandú esquina Sombra del Toro, Salinas. El establecimiento sufrió un incendio fatal en julio de 2024 y no aparece en las listas actuales.","No mostrarlo como oferta activa. Corregir localidad y conservar el incidente; confirmar cierre o continuidad mediante fuente pública antes de definir estado final.","https://www.gub.uy/ministerio-interior/comunicacion/noticias/incendio-residencial-hogar-huellas","","False","True"
"Canelones","arandu_canelones_correcciones_consolidadas_67.json","CO-COR-008","GEO","Dirección, localidad o geocódigo","Localidad y geocódigo incorrectos","Alta","FAC-LEGACY-MSPREG24-012 Solana","La dirección Calle 19 M354 S20 corresponde a Parque del Plata, pero Arandú la clasifica como Ciudad de la Costa y usa coordenadas incompatibles.","Corregir localidad y geocodificar por dirección; conservar fuente histórica y revisar actividad actual.","https://1122.com.uy/rubro-zona/parque-del-plata/asistencia-hogar/PRD10107692/Z03101 | consulta de solo lectura a public.elepem","","False","True"
"Canelones","arandu_canelones_correcciones_consolidadas_67.json","NORTE-COR-001","ID","Identidad, duplicado, sede o continuidad","Duplicado o alias por dirección exacta","Alta","FAC-CANDIDATE-93 Residencial Santa María; FAC-LEGACY-ELP-0096 Solange Alejandra Amaya","Ambas filas usan Bella Vista 2057. La nómina de 2019 vincula Santa María con ese domicilio, pero los geocódigos de Arandú están separados unos 2,3 km.","Resolver titular/nombre comercial, conservar una sola sede y geocodificar por dirección; no mantener dos puntos.","https://www.gub.uy/ministerio-desarrollo-social/sites/ministerio-desarrollo-social/files/2019-06/respuesta-a-pedido-de-informacion%5B1%5D_3.pdf","","False","True"
"Canelones","arandu_canelones_correcciones_consolidadas_67.json","NORTE-COR-002","GEO","Dirección, localidad o geocódigo","Homónimos en localidades distintas","Alta","FAC-CANDIDATE-95 San Cono Tala; FAC-LEGACY-ELP-0091 SAN CONO San Ramón","Existe una ficha pública actual en Tala y una identidad distinta en San Ramón. No deben fusionarse por nombre.","Mantener dos identidades separadas; geocodificar Tala con su dirección actual y revisar por separado la vigencia de San Ramón.","https://1122.com.uy/local/san-cono/LOC465370001","","False","True"
"Canelones","arandu_canelones_correcciones_consolidadas_67.json","NORTE-COR-003","ID","Identidad, duplicado, sede o continuidad","Posible cambio de nombre o reutilización de sede","Media-alta","Residencial Vida Nueva; La Tercera Edad histórica","Vida Nueva está en 25 de Agosto y Villegas; La Tercera Edad figuraba en 25 de Agosto s/n en 2019.","Reconstruir cronología y operador; no crear dos puntos cercanos sin comprobar que sean sedes distintas.","https://1122.com.uy/local/residencial-vida-nueva/LOC461680001","","False","True"
"Canelones","arandu_canelones_correcciones_consolidadas_67.json","NORTE-COR-004","ID","Identidad, duplicado, sede o continuidad","Reactivación histórica pendiente de confirmar","Media","FAC-CANDIDATE-92 Hogar del Carmen","La identidad y dirección constan en 2019; el lote anterior registró señales de reapertura en 2025, pero el enlace exacto no fue recuperado.","No crear una identidad nueva. Buscar una fuente pública exacta y vincularla al registro histórico.","https://www.gub.uy/ministerio-desarrollo-social/sites/ministerio-desarrollo-social/files/2019-06/respuesta-a-pedido-de-informacion%5B1%5D_3.pdf","","False","True"
"Canelones","arandu_canelones_correcciones_consolidadas_67.json","NORTE-COR-005","ID","Identidad, duplicado, sede o continuidad","Identidad histórica con nombre comercial actual","Alta","Hogar San Bautista / Residencial San Bautista","La dirección Herrera s/n coincide entre la nómina histórica y la ficha comercial actual.","Mantener una sola identidad con ambos nombres como alias y geocodificar la sede después de revisión.","https://1122.com.uy/local/residencial-san-bautista/LOC460370001","","False","True"
"Canelones","arandu_canelones_correcciones_consolidadas_67.json","PANDO-COR-001","GEO","Dirección, localidad o geocódigo","Conflicto de dirección/geocódigo","Alta","FAC-CANDIDATE-52 Residencial La Rosada","InfoResidenciales publica Camino Tomás Berreta km 30.200; 1122 y la ficha actual usan km 30.500.","No mover el punto automáticamente. Validar el kilómetro mediante IDE, mapa u otra fuente pública y conservar ambas referencias hasta resolver.","https://inforesidenciales.com.uy/la-rosada/ | https://1122.com.uy/local/residencial-la-rosada/LOC733780003","","False","True"
"Canelones","arandu_canelones_correcciones_consolidadas_67.json","PANDO-COR-002","ID","Identidad, duplicado, sede o continuidad","Sedes múltiples con teléfono compartido","Alta","FAC-CANDIDATE-53 Lo de Mamá 1; FAC-CANDIDATE-54 Lo de Mamá 2","Ambas fichas comparten 092 191 419, pero las fuentes públicas documentan dos domicilios: Continuación 18 de Julio 1416 y Piovene 1158.","Mantener dos sedes físicas vinculadas por operador. No deduplicar por teléfono y no crear una tercera identidad.","https://1122.com.uy/local/residencial-lo-de-mama/LOC823620001 | https://1122.com.uy/local/residencial-lo-de-mama-2/LOC845090001","","False","True"
"Canelones","arandu_canelones_correcciones_consolidadas_67.json","PANDO-COR-003","ID","Identidad, duplicado, sede o continuidad","Traslado histórico","Alta","FAC-CANDIDATE-96 Residencial Abu","La ficha pública actual usa Artigas 893; la nómina de 2019 registraba ABU en Piovene 1339.","Conservar Artigas 893 como sede actual candidata y Piovene 1339 como dirección histórica; no crear dos identidades.","https://1122.com.uy/local/residencial-abu/LOC533800001 | https://www.gub.uy/ministerio-desarrollo-social/sites/ministerio-desarrollo-social/files/2019-06/respuesta-a-pedido-de-informacion%5B1%5D_3.pdf","","False","True"
"Canelones","arandu_canelones_correcciones_consolidadas_67.json","PANDO-COR-004","GEO","Dirección, localidad o geocódigo","Fila oficial contaminada y geocódigo incorrecto","Alta","FAC-LEGACY-ELP-0032 Hogar Intergeneracional de Pando","La fila contiene 2292 1114 —teléfono de Pando— y 4336 2096, que corresponde al hogar Puga Soria de Los Cerrillos. Además, el geocódigo no cae en Pando.","Retirar 4336 2096 de la ficha de Pando, conservar el teléfono oficial 2292 1114 y geocodificar Luis Alberto de Herrera s/n por fuente pública.","https://www.gub.uy/ministerio-desarrollo-social/etiqueta/otros/canelones-establecimientos-larga-estadia-para-personas-mayores-certificado-social","","False","True"
"Canelones","arandu_canelones_correcciones_consolidadas_67.json","PANDO-COR-005","GEO","Dirección, localidad o geocódigo","Geocódigo incompatible con localidad","Alta","FAC-LEGACY-ELP-0058 MALLET","La dirección dice Ruta 8 y Ruta 74, Barros Blancos, pero las coordenadas heredadas están fuera de la zona y ya fueron detectadas en una colisión con Residencial Estrella.","No utilizar el punto heredado. Geocodificar Ruta 8/Ruta 74 por dirección y revisar si MALLET continúa activo.","Consulta de solo lectura a public.elepem","","False","True"
"Canelones","arandu_canelones_correcciones_consolidadas_67.json","PANDO-COR-006","SRC","Fuente o identificación insuficiente","Punto genérico sin identidad suficiente","Alta","FAC-CANDIDATE-15 hogar de ancianos — Pando","El punto procede de OpenStreetMap, carece de nombre comercial y domicilio y no puede diferenciarse de los residenciales conocidos de Pando.","No mostrarlo como establecimiento identificado. Mantenerlo como pista OSM privada hasta resolver nombre y dirección o descartarlo.","https://www.openstreetmap.org/way/1276230694","","False","True"
"Canelones","arandu_canelones_correcciones_consolidadas_67.json","PANDO-COR-007","GEO","Dirección, localidad o geocódigo","Duplicado o sedes por resolver y geocódigo erróneo","Media-alta","FAC-LEGACY-ELP-0005 Alonso Hogar de Ancianos Dra. Rocío Steciano Alonso; FAC-LEGACY-ELP-0031 Hogar de Ancianos Dra. Rocío Steciano","Los nombres son muy similares y se cargan dos direcciones en Sauce; una de las coordenadas queda fuera de Sauce.","Comparar fuentes, responsables y direcciones. No fusionar automáticamente; regeocodificar ambas filas por domicilio.","Consulta de solo lectura a public.elepem","","False","True"
"Canelones","arandu_canelones_correcciones_consolidadas_67.json","PANDO-COR-008","ID","Identidad, duplicado, sede o continuidad","Posible continuidad histórica no demostrada","Media","FAC-CANDIDATE-57 Mi Nueva Familia; registro histórico Yoli","Mi Nueva Familia está en Correch 1025 y Yoli figuraba en Camino Correch 1142. La coincidencia de calle no demuestra alias, mudanza ni continuidad.","Mantener identidades separadas hasta encontrar teléfono, responsable o cronología común; no fusionar por proximidad.","https://1122.com.uy/local/mi-nueva-familia/LOC526200002 | https://www.gub.uy/ministerio-desarrollo-social/sites/ministerio-desarrollo-social/files/2019-06/respuesta-a-pedido-de-informacion%5B1%5D_3.pdf","","False","True"
"Canelones","arandu_canelones_correcciones_consolidadas_67.json","LP-COR-001","GEO","Dirección, localidad o geocódigo","Dirección anómala y colisión de geocódigo","Alta","FAC-CANDIDATE-79 Viata Demna; FAC-CANDIDATE-49 Golden Age","Viata figura como Wilson Ferreira Aldunate 011 y su punto queda a unos 33 metros de Golden Age, cuya dirección es Wilson Ferreira 804.","No deduplicar por proximidad. Resolver la dirección vigente de Viata y regeocodificarla; conservar Golden Age en revisión separada.","Consulta de solo lectura a public.elepem | https://1122.com.uy/local/residencial-viata-demna/LOC821260001","","False","True"
"Canelones","arandu_canelones_correcciones_consolidadas_67.json","LP-COR-002","GEO","Dirección, localidad o geocódigo","Posible mudanza o cambio de localidad","Media-alta","FAC-CANDIDATE-79 Viata Demna","El perfil comercial histórico la ubica en Las Piedras, mientras publicaciones laborales posteriores usan el mismo nombre/teléfono para un residencial en Shangrilá.","Reconstruir operador, dirección y fechas; no mantener la sede de Las Piedras como oferta activa hasta resolver.","https://uy.acciontrabajo.com/empleos-de-salud-en-uruguay-indefinido-jornada-completa","","False","True"
"Canelones","arandu_canelones_correcciones_consolidadas_67.json","LP-COR-003","ID","Identidad, duplicado, sede o continuidad","Posible alias, traslado o duplicado","Alta","FAC-CANDIDATE-91 Residencial Progreso; FAC-LEGACY-ELP-0015 El Es Mi Paz","Comparten el teléfono 2369 8608 y los puntos están separados aproximadamente 92 metros.","Reconstruir cronología y fuentes. No mantener dos sedes activas ni fusionar hasta confirmar si son alias, traslado o establecimientos distintos.","https://1122.com.uy/local/residencial-progreso/LOC848600001 | consulta de solo lectura a public.elepem","","False","True"
"Canelones","arandu_canelones_correcciones_consolidadas_67.json","LP-COR-004","GEO","Dirección, localidad o geocódigo","Duplicado confirmado con geocódigo erróneo","Alta","FAC-LEGACY-MSP24-169 En Familia; FAC-OFFICIAL-ELP-0023 En Familia","Mismo nombre y dirección Gral. Artigas 281. Una fila oficial actual está correctamente identificada; la otra tiene coordenadas incompatibles con La Paz.","Conservar la fila con habilitación MSP/MIDES actual, trasladar teléfonos y fuentes y archivar la secundaria como fusionada.","https://www.gub.uy/ministerio-desarrollo-social/tramites-y-servicios/servicios/establecimientos-larga-estadia-para-personas-mayores-habilitados","","False","True"
"Canelones","arandu_canelones_correcciones_consolidadas_67.json","LP-COR-005","GEO","Dirección, localidad o geocódigo","Duplicado confirmado con geocódigos divergentes","Alta","FAC-LEGACY-ELP-0066 PRIMAVERA; FAC-LEGACY-MSP24-168 Residencial Primavera / Primavera I","Mismo establecimiento en Av. Artigas 365; la fila de habilitación final y la fila histórica tienen coordenadas muy diferentes.","Conservar la fila oficial habilitada, incorporar fuentes históricas y regeocodificar la sede por dirección.","https://www.gub.uy/ministerio-desarrollo-social/tramites-y-servicios/servicios/establecimientos-larga-estadia-para-personas-mayores-habilitados","","False","True"
"Canelones","arandu_canelones_correcciones_consolidadas_67.json","LP-COR-006","ID","Identidad, duplicado, sede o continuidad","Posible cambio de nombre por dirección exacta","Media-alta","FAC-LEGACY-ELP-0062 NOA; Residencial La Familia","Arandú registra NOA en Batlle y Ordóñez 688; una ficha comercial actual ubica Residencial La Familia exactamente en esa dirección.","Resolver si NOA es nombre anterior, operador o error de carga. No crear un segundo punto en el mismo domicilio.","https://1122.com.uy/local/residencial-la-familia/LOC819680001","","False","True"
"Canelones","arandu_canelones_correcciones_consolidadas_67.json","LP-COR-007","ADM","Estatus administrativo no corroborado","Afirmación administrativa comercial no corroborada","Alta","FAC-CANDIDATE-50 Residencial Jireh","Páginas comerciales afirman 'Habilitado por MSP', pero el listado oficial vigente de Canelones no incluye a Jireh.","Mantener msp_habilitado=false / administrative_status=not_confirmed hasta contar con una fuente oficial.","https://www.gub.uy/ministerio-desarrollo-social/tramites-y-servicios/servicios/establecimientos-larga-estadia-para-personas-mayores-habilitados","","False","True"
"Canelones","arandu_canelones_correcciones_consolidadas_67.json","LP-COR-008","SRC","Fuente o identificación insuficiente","Falta dirección puntual","Alta","FAC-CANDIDATE-78 Residencial Guga","La ficha comercial confirma nombre, teléfonos y calle Magallanes, pero no publica número, esquina ni manzana/solar.","Mantener en public.elepem_sin_ubicacion y no generar coordenadas aproximadas.","https://1122.com.uy/local/residencial-guga/LOC764970001","","False","True"
"Canelones","arandu_canelones_correcciones_consolidadas_67.json","CAN-COR-001","ID","Identidad, duplicado, sede o continuidad","Sedes vinculadas, no duplicadas","Alta","FAC-CANDIDATE-47 El Bienestar; FAC-CANDIDATE-46 Reina de las Flores","Las fichas públicas se identifican mutuamente como sucursales y comparten 096 236 140 y 099 676 875, pero usan Treinta y Tres 692 y Camino Las Violetas.","Conservar dos sedes físicas y vincularlas mediante un identificador de operador o grupo. No fusionar por teléfonos compartidos.","https://1122.com.uy/local/el-bienestar-hogar-canelones/LOC860490001 | https://1122.com.uy/local/residencial-reina-de-las-flores/LOC860490003","","False","True"
"Canelones","arandu_canelones_correcciones_consolidadas_67.json","CAN-COR-002","ENR","Enriquecer ficha existente","Enriquecer ficha geolocalizada","Alta","FAC-CANDIDATE-47 El Bienestar","La ficha pública aporta teléfonos, atención 24 horas, fisioterapia, psicología, enfermería, médico y verificación con el responsable el 29/06/2026.","Agregar datos y fuente tras revisión, sin cambiar la situación administrativa ni crear otro punto.","https://1122.com.uy/local/el-bienestar-hogar-canelones/LOC860490001","","False","True"
"Canelones","arandu_canelones_correcciones_consolidadas_67.json","CAN-COR-003","GEO","Dirección, localidad o geocódigo","Dirección incompleta","Alta","FAC-CANDIDATE-46 Reina de las Flores","La fuente verifica nombre, teléfonos y actividad, pero solo publica Camino Las Violetas.","Mantener en public.elepem_sin_ubicacion; no generar coordenadas aproximadas ni usar la sede de El Bienestar.","https://1122.com.uy/local/residencial-reina-de-las-flores/LOC860490003","","False","True"
"Canelones","arandu_canelones_correcciones_consolidadas_67.json","CAN-COR-004","GEO","Dirección, localidad o geocódigo","Punto geolocalizado con dirección insuficiente","Media-alta","FAC-CANDIDATE-48 Residencial El Ombú","La fila utiliza Camino Las Violetas y un plus code, pero la auditoría no recuperó un domicilio completo ni una segunda fuente independiente verificable.","Conservar el punto solo como candidato auditado y no promoverlo hasta validar el inmueble y la actividad actual.","https://www.instagram.com/residencialelombu/ | https://uy.maptons.com/p/14918801456","","False","True"
"Canelones","arandu_canelones_correcciones_consolidadas_67.json","CAN-COR-005","SRC","Fuente o identificación insuficiente","Punto OSM genérico sin identidad","Alta","FAC-CANDIDATE-16 hogar de ancianos — Ciudad de Canelones","El punto procede de OpenStreetMap, no tiene nombre comercial ni dirección y no puede diferenciarse de las sedes conocidas.","No mostrarlo como establecimiento identificado. Mantenerlo como pista privada hasta resolver nombre y domicilio o descartarlo.","https://www.openstreetmap.org/way/110440392","","False","True"
"Canelones","arandu_canelones_correcciones_consolidadas_67.json","CAN-COR-006","GEO","Dirección, localidad o geocódigo","Localidad o geocódigo incompatibles","Alta","FAC-LEGACY-ELP-0024 Astenkeph; FAC-LEGACY-ELP-0068 PROCURA/Bella Estadía; FAC-LEGACY-ELP-0078 Jardines de Neptunia; FAC-LEGACY-ELP-0084 Olimpo","Las direcciones o coordenadas apuntan a áreas costeras, Neptunia o Sauce, aunque la localidad se carga como Canelones.","Revisar cada fila por dirección y fuente, corregir localidad/geocódigo de forma individual y conservar los valores anteriores para auditoría.","Consulta de solo lectura a public.elepem","","False","True"
"Canelones","arandu_canelones_correcciones_consolidadas_67.json","SL-COR-001","SRC","Fuente o identificación insuficiente","Fuente no trazable","Alta","FAC-CANDIDATE-89 La Quica","La fila conserva como fuente únicamente https://www.facebook.com/, sin perfil, publicación o identificador exacto; las búsquedas por nombre y teléfono no recuperaron una coincidencia.","Mantener el caso en la cola privada y sustituir la fuente solo cuando exista un enlace público exacto. No geocodificar ni publicar.","Línea de base de Canelones y búsquedas abiertas del 14/08/2026","","False","True"
"Canelones","arandu_canelones_correcciones_consolidadas_67.json","SL-COR-002","GEO","Dirección, localidad o geocódigo","Geocódigo incompatible con localidad","Alta","FAC-LEGACY-ELP-0007 Biltmore","La dirección oficial y las guías públicas sitúan Biltmore en José Batlle y Ordóñez 74, Santa Lucía. El punto heredado de Arandú queda aproximadamente 34 km del punto territorial coherente de Santa Lucía usado por Hogar Máximo Cenoz Hita.","No utilizar las coordenadas heredadas. Regeocodificar por la dirección oficial y conservar el valor anterior para auditoría.","https://www.gub.uy/ministerio-desarrollo-social/etiqueta/otros/canelones-establecimientos-larga-estadia-para-personas-mayores-certificado-social | https://www.waze.com/live-map/directions/uruguay/canelones-department/santa-lucia/residencial-biltmore?to=place.ChIJw5ma_5CloZUR_Qe4zlMs6Ng","","False","True"
"Canelones","arandu_canelones_correcciones_consolidadas_67.json","SL-COR-003","ENR","Enriquecer ficha existente","Enriquecer ficha oficial existente","Alta","FAC-LEGACY-ELP-0007 Biltmore","Fuentes públicas específicas aportan el teléfono móvil 097 304 574, correo, sitio y descripción de centro de larga estadía, además del teléfono fijo oficial 4334 9954.","Preparar el enriquecimiento después de corregir el geocódigo; no modificar la situación administrativa más allá de lo respaldado oficialmente.","https://laguiadigital.uy/residencial-biltmore/ | https://laguiauruguay.com.uy/empresas/residencial-biltmore-en-santa-lucia/","","False","True"
"Canelones","arandu_canelones_correcciones_consolidadas_67.json","FINAL-COR-001","ID","Identidad, duplicado, sede o continuidad","Posibles sedes múltiples por resolver","Media","Residencial Sol y Aire — Ruta 8 vieja km 57,5 / Zenón Burgueño s/n","La línea de base detectó el mismo nombre asociado a dos direcciones y localidades diferentes.","Tratar como posibles sedes distintas hasta resolver operador, teléfonos y cronología.","Auditoría inicial de duplicados y geocódigos de Canelones","","False","True"
"Canelones","arandu_canelones_correcciones_consolidadas_67.json","FINAL-COR-002","GEO","Dirección, localidad o geocódigo","Colisión de coordenadas entre identidades distintas","Alta","Centro Vital / Procura Residencial ex Bella Estadía","La línea de base detectó coordenadas idénticas con nombres y direcciones diferentes.","Regeocodificar ambas fichas por domicilio y no fusionar por el punto heredado.","Auditoría inicial de duplicados y geocódigos de Canelones","","False","True"
"Canelones","arandu_canelones_correcciones_consolidadas_67.json","FINAL-COR-003","GEO","Dirección, localidad o geocódigo","Colisión de coordenadas entre identidades distintas","Alta","MALLET / Residencial Estrella","La línea de base detectó coordenadas idénticas pese a direcciones y localidades incompatibles.","Regeocodificar ambas fichas y no fusionarlas por las coordenadas heredadas.","Auditoría inicial de duplicados y geocódigos de Canelones","","False","True"
"Canelones","arandu_canelones_correcciones_consolidadas_67.json","ADD-COR-001","ID","Identidad, duplicado, sede o continuidad","Dirección e identidad cruzadas","Alta","FAC-LEGACY-ELP-0053 La Soñada; FAC-LEGACY-ELP-0055 Los Lagos","Arandú contiene La Soñada y Los Lagos en Pinos M3 S13. El sitio propio de Los Lagos publica Río de Janeiro M112 S8, Lagomar; La Soñada mantiene la identidad pública vinculada a Pinos M3 S13.","Conservar La Soñada en Pinos M3 S13 y revisar Los Lagos en Río de Janeiro M112 S8. Regeocodificar ambos por separado y preservar la cronología.","https://loslagos.uy/contacto","https://xn--soada-pta.com/","False","True"
"Canelones","arandu_canelones_correcciones_consolidadas_67.json","ADD-COR-002","ID","Identidad, duplicado, sede o continuidad","Sedes de un mismo grupo, no duplicados","Alta","Aqua; Altos de La Paz; Los Lagos; La Soñada; Pinares; Arenas","Dignus publica seis hogares con nombres y localidades diferentes. Varias sedes comparten el teléfono institucional 097 003 915.","Crear o mantener identidades físicas separadas y vincularlas mediante un grupo u operador. No deduplicar por teléfono compartido.","https://dignus.uy/","https://residenciales.com.uy/","False","True"
"Canelones","arandu_canelones_correcciones_consolidadas_67.json","ADD-COR-003","ID","Identidad, duplicado, sede o continuidad","Homónimos departamentales","Alta","Residencial San Antonio, San José de Carrasco; Hogar de Ancianos San Antonio, Canelones Rural","Los nombres son similares, pero las localidades, direcciones y perfiles públicos son diferentes.","Mantener dos identidades independientes y exigir coincidencia territorial en cualquier proceso automático de deduplicación.","https://1122.com.uy/local/residencial-san-antonio/LOC259140001","","False","True"
"Canelones","arandu_canelones_correcciones_consolidadas_67.json","L2-COR-001","ENR","Enriquecer ficha existente","Enriquecer y corregir localidad","Alta","FAC-LEGACY-ELP-0026-8F51A84180D3CF80 | GRACIAS A DIOS | Atlántida | Calle 12 entre A y B M155 S18","La ficha pública actual ubica Gracias a Dios en Calle 12 esquina B, Las Toscas, teléfonos 4372 7341, 099 027 729 y 099 694 858, abierto 24 horas.","No crear un punto nuevo. Revisar localidad y geocódigo, conservar la dirección histórica y preparar el enriquecimiento de teléfonos y fuente.","https://1122.com.uy/local/gracias-a-dios/LOC534490001","","False","True"
"Canelones","arandu_canelones_correcciones_consolidadas_67.json","L2-COR-002","GEO","Dirección, localidad o geocódigo","Geocódigo severamente incompatible","Alta","FAC-LEGACY-ELP-0090-F7F06503E5098D4A | SOLYMAR | Solymar Sur | Rocha entre Gral. Gestido y Achiras","InfoResidenciales presenta Residencial Solymar en Gestido y Rocha, M24 S1, con actividad histórica desde 1991. Las coordenadas actuales de Arandú no corresponden a Ciudad de la Costa.","No crear otra ficha. Normalizar el nombre como Residencial Solymar, conservar alias y fuentes históricas y regeocodificar M24 S1.","https://inforesidenciales.com.uy/residencial-solymar/","","False","True"
"Canelones","arandu_canelones_correcciones_consolidadas_67.json","L2-COR-004","ENR","Enriquecer ficha existente","Coincidencia existente; enriquecer señal actual","Alta","FAC-LEGACY-ELP-0070-386F31ED04B70FF0 | Residencia Puentecasa | Atlántida | Calle 22 entre Calle 5 y Av. Artigas","Directorios actuales continúan listando Puentecasa en Calle 22 y Av. Artigas. Es una identidad ya existente, no un candidato nuevo.","Conservar la ficha existente, añadir la señal actual y revisar teléfonos completos antes de cualquier cambio.","https://inforesidenciales.com.uy/canelones/","https://1122.com.uy/rubro-zona/atlantida/residenciales/PRD1000233/Z03621","False","True"
"Canelones","arandu_canelones_correcciones_consolidadas_67.json","L3-COR-001","ID","Identidad, duplicado, sede o continuidad","Sedes cercanas sobre la misma calle; no deduplicar por ubicación aproximada","Alta","Senior Living / FAC-LEGACY-ELP-0070 Residencia Puentecasa","Ambas identidades se ubican sobre Calle 22 en Atlántida, pero tienen nombres, contactos y tramos diferentes.","Geocodificar Senior Living con precisión y mantener ambas identidades separadas salvo evidencia posterior de relación.","https://seniorliving.uy/contacto/","Consulta de solo lectura a public.elepem","False","True"
"Canelones","arandu_canelones_correcciones_consolidadas_67.json","L3-COR-002","ID","Identidad, duplicado, sede o continuidad","Grupo con tres centros y duplicado interno existente","Alta","Senescentis I / Senescentis II / Senescentis III; dos filas actuales de Senescentis II; FAC-LEGACY-ELP-0087 / FAC-LEGACY-ELP-0092 Senescentis II","El sitio institucional describe tres centros físicos. Arandú contiene dos filas de Senescentis II en M257 S2 con coordenadas divergentes. Las dos filas de Senescentis II comparten nombre y dirección M257 S2, con coordenadas divergentes.","Modelar tres sedes; conservar la fila de II con Certificado Social, trasladar fuentes de la duplicada y no fusionar III con I/II.","https://senescentis.com.uy/","https://www.redresidenciales.com.uy/residenciales/canelones/","False","True"
"Canelones","arandu_canelones_correcciones_consolidadas_67.json","L3-COR-003","ADM","Estatus administrativo no corroborado","Localidad administrativa y geocódigo por resolver","Media-alta","Residencial Nazaret — Carlos Gardel 175","La publicación identifica El Pinar y Ciudad de la Costa, pero también muestra Municipio de Nicolich en la jerarquía territorial.","No asignar localidad ni coordenadas por inferencia. Validar el domicilio con otra fuente cartográfica o institucional.","https://amarillasdelacosta.com.uy/directory/classified/residencial-nazaret/","","False","True"
"Canelones","arandu_canelones_correcciones_consolidadas_67.json","INT-COR-001","ID","Identidad, duplicado, sede o continuidad","Dos sedes declaradas y teléfonos cruzados","Alta","Hogar Esperanza I — René González 2110/esq. San Miguel; Residencial Esperanza — Av. Artigas 1267","Guía 1122 declara las dos fichas como sucursales recíprocas. La Guía Uruguay mezcla el teléfono 2294 2614 de Artigas dentro de la ficha de Esperanza I.","Modelar un operador común y dos sedes potenciales, pero no crear la sede Artigas hasta obtener una segunda fuente independiente y separar los teléfonos.","https://1122.com.uy/local/residencial-esperanza/LOC463750001","https://1122.com.uy/local/residencial-esperanza/LOC463750002","False","True"
"Canelones","arandu_canelones_correcciones_consolidadas_67.json","INT-COR-002","GEO","Dirección, localidad o geocódigo","Proximidad vial y localidad en conflicto","Media-alta","Taita Guasu Ruta 36 km 30.500; LA ESPERANZA Ruta 36 km 31","Taita Guasu tiene identidad, sitio y teléfonos propios, pero se ubica por kilometraje muy cerca de una ficha histórica distinta. Sus fuentes alternan Progreso y Los Cerrillos.","No fusionar ni crear coordenadas antes de comparar los inmuebles y resolver la localidad administrativa.","https://www.taitaguasu.uy/","Consulta de solo lectura a public.elepem","False","True"
"Canelones","arandu_canelones_correcciones_consolidadas_67.json","INT-COR-003","ID","Identidad, duplicado, sede o continuidad","Homónimos Esperanza en corredores distintos","Alta","Granja Residencial La Esperanza Ruta 12 km 94; LA ESPERANZA Ruta 36 km 31; Residencial Esperanza Sauce","Los nombres son similares, pero rutas, localidades y teléfonos son diferentes. No existe evidencia para fusionarlos.","Mantener identidades separadas y exigir coincidencia territorial, telefónica y cronológica en cualquier deduplicación futura.","https://uy.todosnegocios.com/granja-residencial-%22la-esperanza%22-091-802-727","Consulta de solo lectura a public.elepem","False","True"
"Canelones","arandu_canelones_correcciones_consolidadas_67.json","INT-COR-004","GEO","Dirección, localidad o geocódigo","Homónimo La Familia en otra localidad","Alta","Hogar La Familia Sauce; Residencial La Familia/NOA en otra localidad de Canelones","Hogar La Familia de Sauce publica Ponce de León 2285 y 2294 1714. Las fichas previas asociadas a La Familia usan otro domicilio y otra localidad.","Mantener identidades separadas y no fusionar por nombre genérico.","https://1122.com.uy/local/hogar-la-familia/LOC463690001","Auditoría consolidada de Canelones","False","True"
"Canelones","arandu_canelones_correcciones_consolidadas_67.json","INT-COR-005","ADM","Estatus administrativo no corroborado","Afirmación administrativa no corroborada","Alta","Residencial Taita Guasu","El sitio propio y un directorio mencionan habilitación MIDES, pero el nombre no fue localizado en los listados oficiales actuales consultados durante esta pasada.","Mantener administrative_status=not_confirmed y conservar la afirmación únicamente como texto de fuente.","https://www.taitaguasu.uy/","https://www.gub.uy/ministerio-desarrollo-social/etiqueta/otros/canelones-establecimientos-larga-estadia-para-personas-mayores-certificado-social","False","True"
"Montevideo","arandu_montevideo_pocitos_buceo_lote_1_correcciones.json","MVD-PB-001","SIN_CLASIFICAR","Pendiente de clasificación humana","Conflicto de dirección / posible traslado","Alta para el conflicto; media para la dirección vigente","FAC-CANDIDATE-126 — Residencial Alma, Amor y Vida","Arandú usa Javier de Viana 2350; directorios públicos recientes usan Acevedo Díaz 1038 y 091 366 745.","No mover ni duplicar la ficha. Reconstruir cronología, operador y contactos antes de elegir domicilio vigente.","https://uy.todosnegocios.com/residencial-%22alma-amor-y-vida-091-366-745","https://uruguay.worldplaces.me/es/view-place/75226896-residencial-alma-amor-y-vida.html","False","True"
"Montevideo","arandu_montevideo_pocitos_buceo_lote_1_correcciones.json","MVD-PB-002","SIN_CLASIFICAR","Pendiente de clasificación humana","Duplicado exacto de sede","Alta","FAC-CANDIDATE-130 Centro del Adulto Mayor Buceo / FAC-LEGACY-ELP-0349-D8A68E972D7FB300","Mismo domicilio y coordenadas; las fuentes describen la misma sede Buceo.","Conservar una fila, trasladar fuentes y contactos y vincularla al operador común.","https://www.centrodeladultomayor.com.uy/","https://inforesidenciales.com.uy/","False","True"
"Montevideo","arandu_montevideo_pocitos_buceo_lote_1_correcciones.json","MVD-PB-003","SIN_CLASIFICAR","Pendiente de clasificación humana","Enriquecimiento de ficha existente","Alta","FAC-LEGACY-ELP-0348-772189599AFAD509 — Centro del Adulto Mayor Ombú","La sede actual publica Bv. España 2583 y los teléfonos 092 852 777 y 2709 5210.","Agregar contactos, sitio y grupo de operador; no crear otra fila.","https://uy.todosnegocios.com/centro-del-adulto-mayor-cam-%7C_2H-092-852-777","https://www.centrodeladultomayor.com.uy/","False","True"
"Montevideo","arandu_montevideo_pocitos_buceo_lote_1_correcciones.json","MVD-PB-004","SIN_CLASIFICAR","Pendiente de clasificación humana","Rebranding en una sede oficial","Alta","FAC-CANDIDATE-167 MOAI Centenario / FAC-LEGACY-MSP24-065-74002DF2A7730A5B Toscana / FAC-OFFICIAL-ELP-0438-2B9B22D8638E7D03 Toscana Hogar","Las tres identidades usan Centenario 3076 y el mismo punto.","Mantener una sede física, preservar la identidad oficial Toscana y registrar MOAI Centenario como nombre actual o alias con vigencia.","https://grupolife.com.uy/moai-centenario/","https://www.gub.uy/ministerio-salud-publica/sites/ministerio-salud-publica/files/2026-06/ELEPEM%20HABILITADOS%20JUNIO%202026.pdf","False","True"
"Montevideo","arandu_montevideo_pocitos_buceo_lote_1_correcciones.json","MVD-PB-005","SIN_CLASIFICAR","Pendiente de clasificación humana","Rebranding o cambio de operador en una sede oficial","Alta","FAC-CANDIDATE-183 La Forêt La Blanqueada / FAC-LEGACY-MSP24-091-E17E6DFD5631F47F Old Trafford","Ambas identidades usan Jaime Cibils 2824 y el mismo punto.","Mantener una sede física y conservar nombres, operador y vigencias; no crear dos puntos ni transferir el estado oficial sin trazabilidad.","https://www.residenciallaforet.com.uy/","https://inforesidenciales.com.uy/old-trafford/","False","True"
"Montevideo","arandu_montevideo_pocitos_buceo_lote_1_correcciones.json","MVD-PB-006","SIN_CLASIFICAR","Pendiente de clasificación humana","Posibles sucursales o traslado","Media-alta","FAC-CANDIDATE-164 Casa Blanca — Cnel. Mora 485 / FAC-CANDIDATE-172 Casa Blanca II / Casablanca — Pablo de María 1172","La misma marca aparece asociada a dos domicilios públicos diferentes.","Vincular por operador, pero conservar dos sitios potenciales hasta demostrar simultaneidad, traslado o cierre.","https://1122.com.uy/local/residencia-casablanca/LOC548200001","https://aderama.org.uy/socios-2026/","False","True"
"Montevideo","arandu_montevideo_pocitos_buceo_lote_1_correcciones.json","MVD-PB-007","SIN_CLASIFICAR","Pendiente de clasificación humana","Segunda fuente pendiente","Alta","FAC-CANDIDATE-156 — Magna Pocitos","Solo se conserva ADERAMA como fuente exacta para Marco Bruto 1226.","Mantener privada hasta localizar un mapa, sitio, red institucional o segundo directorio exacto.","https://aderama.org.uy/socios-2026/","","False","True"
"Montevideo","arandu_montevideo_pocitos_buceo_lote_1_correcciones.json","MVD-PB-008","SIN_CLASIFICAR","Pendiente de clasificación humana","Fuente contaminada y domicilio faltante","Alta","FAC-CANDIDATE-180 — Residencial AC","La ficha comercial no publica domicilio y utiliza una imagen rotulada Altos del Centro; Altos del Centro es otra identidad oficial en Yí 1363.","No geocodificar, no copiar la afirmación comercial de habilitación y resolver identidad, domicilio y operador.","https://www.redresidenciales.uy/residencial_hotel/residencial-ac/","","False","True"
"Montevideo","arandu_montevideo_pocitos_buceo_lote_1_correcciones.json","MVD-PB-009","SIN_CLASIFICAR","Pendiente de clasificación humana","Fuente irrelevante en una ficha candidata","Alta","FAC-CANDIDATE-145 — Residencial María Paula","La segunda URL almacenada remite a una página de transporte titulada Residencial María Gracia y no respalda María Paula.","Retirar esa fuente del conjunto probatorio y buscar una segunda fuente independiente para María Paula.","https://1122.com.uy/local/maria-paula/LOC521810001","","False","True"
"Montevideo","arandu_montevideo_malvin_carrasco_lote_2_correcciones.json","MVD-MPC-001","SIN_CLASIFICAR","Pendiente de clasificación humana","Duplicado exacto de sede","Alta","FAC-CANDIDATE-129 / FAC-LEGACY-ELP-0345 — Centro del Adulto Mayor Carrasco","Mismo domicilio y coordenadas en Almirante Harwood 6346/6350.","Conservar una fila, trasladar fuentes y vincular el operador CLAMERICA.","https://www.centrodeladultomayor.com.uy/","https://aderama.org.uy/socios-2026/","False","True"
"Montevideo","arandu_montevideo_malvin_carrasco_lote_2_correcciones.json","MVD-MPC-002","SIN_CLASIFICAR","Pendiente de clasificación humana","Identidad o rebranding en el mismo domicilio","Alta para el conflicto","Residencial Los Jacintos / Viamare Residencial — Rivera 6269","Dos nombres y juegos de teléfonos distintos se publican para el mismo inmueble.","Mantener un solo punto y reconstruir cronología, operador y nombre vigente.","https://inforesidenciales.com.uy/los-jacintos/","https://1122.com.uy/app.php/local/viamare-residencial/LOC451800001","False","True"
"Montevideo","arandu_montevideo_malvin_carrasco_lote_2_correcciones.json","MVD-MPC-003","SIN_CLASIFICAR","Pendiente de clasificación humana","Continuidad o rebranding en el mismo domicilio","Alta","Residencial Punta Palmas / Remanso Residencial — Caramurú 5830","Mismo domicilio y teléfono 2605 0299; Remanso figura cerrado y Punta Palmas vigente.","Conservar una sede física y registrar Remanso como antecedente con fecha.","https://1122.com.uy/local/residencial-punta-palmas/LOC815740001","https://uy.todosnegocios.com/remanso-residencial","False","True"
"Montevideo","arandu_montevideo_malvin_carrasco_lote_2_correcciones.json","MVD-MPC-004","SIN_CLASIFICAR","Pendiente de clasificación humana","Rebranding en sede con estatus oficial histórico","Alta","FAC-CANDIDATE-168 MOAI French / FAC-LEGACY-ELP-0335 Casa Flora","Ambas identidades usan French 1726 y las mismas coordenadas.","Conservar una sede; mantener Casa Flora como identidad oficial/histórica y MOAI como nombre actual sujeto a revisión.","https://grupolife.com.uy/moai-french/","https://www.gub.uy/ministerio-salud-publica/sites/ministerio-salud-publica/files/2026-06/ELEPEM%20HABILITADOS%20JUNIO%202026.pdf","False","True"
"Montevideo","arandu_montevideo_malvin_carrasco_lote_2_correcciones.json","MVD-MPC-005","SIN_CLASIFICAR","Pendiente de clasificación humana","Cambio de nombre u operador","Alta para la coincidencia de inmueble","FAC-CANDIDATE-178 Vita Nuova / FAC-LEGACY-ELP-0487 Las Gardenias","Mismo domicilio y coordenadas en Palmas y Ombúes 5610.","Conservar una sede y resolver nombre vigente, continuidad y tipo de servicio.","https://1122.com.uy/local/residencial-vita-nuova/LOC796660001","https://github.com/enzoth7/arandu/blob/main/Base%20de%20Datos/Scraping/Montevideo/montevideo_chatgpt_public_review_2026-08-04.csv","False","True"
"Montevideo","arandu_montevideo_malvin_carrasco_lote_2_correcciones.json","MVD-MPC-006","SIN_CLASIFICAR","Pendiente de clasificación humana","Normalización de nombre y calle","Alta","Manas / Manas Home — Militon/Millington Drake 1993","Las variantes describen la misma sede física.","Conservar una fila, normalizar Millington Drake y mantener alias.","https://aderama.org.uy/socios-2026/","https://github.com/enzoth7/arandu/blob/main/Base%20de%20Datos/Scraping/Montevideo/montevideo_chatgpt_public_review_2026-08-04.csv","False","True"
"Montevideo","arandu_montevideo_malvin_carrasco_lote_2_correcciones.json","MVD-MPC-007","SIN_CLASIFICAR","Pendiente de clasificación humana","Conflicto menor de número de puerta","Alta para la sede; media para el número","Valle Vilcabamba II — Fleming 1741/1742","La fila oficial usa 1741 y la fuente sectorial 1742.","Mantener la sede oficial, revisar puerta/rango y no crear otro punto.","https://www.gub.uy/ministerio-salud-publica/sites/ministerio-salud-publica/files/2026-06/ELEPEM%20HABILITADOS%20JUNIO%202026.pdf","https://aderama.org.uy/socios-2026/","False","True"
"Montevideo","arandu_montevideo_malvin_carrasco_lote_2_correcciones.json","MVD-MPC-008","SIN_CLASIFICAR","Pendiente de clasificación humana","Alias y errata de nombre","Alta","Babel Residel Boutique / Babel Residencial Boutique","Mismo domicilio Mariano Uriarte 6537.","Normalizar el nombre y conservar una única sede con teléfonos y web actuales.","https://1122.com.uy/local/babel-residencial-boutique/LOC804460001","https://www.gub.uy/ministerio-desarrollo-social/etiqueta/otros/establecimientos-larga-estadia-para-personas-mayores-certificado-social","False","True"
"Montevideo","arandu_montevideo_malvin_carrasco_lote_2_correcciones.json","MVD-MPC-009","SIN_CLASIFICAR","Pendiente de clasificación humana","Identidad histórica ausente de la capa actual exacta","Media-alta","Años Royal — Mantua 6883","El lote previo y directorios lo identifican, pero la consulta actual no devuelve la fila exacta.","Reconciliar archivos históricos y señal actual; no crear automáticamente un punto nuevo.","https://1122.com.uy/rubro-zona/ciudad%20del%20este/adultos/PRD1172/Zzzzzzzzzzzzz01051","https://github.com/enzoth7/arandu/blob/main/Base%20de%20Datos/Scraping/Montevideo/montevideo_chatgpt_public_review_2026-08-04.csv","False","True"
"Montevideo","arandu_montevideo_malvin_carrasco_lote_2_correcciones.json","MVD-MPC-010","SIN_CLASIFICAR","Pendiente de clasificación humana","Falso positivo departamental","Alta","Seniority Magna — Niterói 948","La lista oficial ubica la sede en Barra de Carrasco, Canelones.","Excluir del universo de Montevideo y conservarla en Canelones.","https://www.gub.uy/ministerio-desarrollo-social/tramites-y-servicios/servicios/establecimientos-larga-estadia-para-personas-mayores-habilitados","https://www.gub.uy/ministerio-desarrollo-social/etiqueta/otros/canelones-establecimientos-larga-estadia-para-personas-mayores-certificado-social","False","True"
"Montevideo","arandu_montevideo_malvin_carrasco_lote_2_correcciones.json","MVD-MPC-011","SIN_CLASIFICAR","Pendiente de clasificación humana","Sedes distintas de un mismo operador","Alta","Coppelia / Los Jacintos / Sweet Home","El operador presenta varios domicilios físicos y comparte contactos entre algunas sedes.","Asignar operator_group_id y no deduplicar por teléfono o sitio web compartidos.","https://www.residencialescoppelia.com/","https://1122.com.uy/local/sweet-home/LOC480460001","False","True"
"Montevideo","arandu_montevideo_malvin_carrasco_lote_2_correcciones.json","MVD-MPC-012","SIN_CLASIFICAR","Pendiente de clasificación humana","Sedes distintas de un mismo operador","Alta","La Forêt Carrasco / La Forêt La Blanqueada","El sitio propio publica simultáneamente Raúl Montero Bustamante 6235 y Jaime Cibils 2824.","Mantener dos sitios físicos vinculados por operador; no fusionar por marca o teléfono.","https://www.residenciallaforet.com.uy/","https://www.residenciallaforet.com.uy/la-foret-la-blanqueada","False","True"
"Montevideo","arandu_montevideo_malvin_carrasco_lote_2_correcciones.json","MVD-MPC-013","SIN_CLASIFICAR","Pendiente de clasificación humana","Normalización de sucursal o sede","Alta para Rivera 6137","San Fernando Entre Amigos 2 / Residencial San Fernando — Rivera 6137","Dos fuentes exactas confirman la sede, teléfonos y sitio en Rivera 6137.","Conservar la sede y vincularla al operador; resolver por separado otras direcciones San Fernando.","https://1122.com.uy/galeria/residencial-san-fernando/815880001/15489","https://uy.todosnegocios.com/residencial-san-fernando-092-058-577","False","True"
"Montevideo","arandu_montevideo_transversal_lote_3_correcciones.json","MVD-TR-001","SIN_CLASIFICAR","Pendiente de clasificación humana","Dos identidades y geocódigos incompatibles en un mismo domicilio","Alta para el conflicto","FAC-CANDIDATE-153 Amitie / FAC-CANDIDATE-158 Mamina II","Ambas fuentes usan Gral. Felipe Fraga 2191, pero Arandú asigna puntos separados.","Regeocodificar una vez y resolver nombre, operador y vigencias antes de contar sedes.","https://aderama.org.uy/socios-2026/","https://github.com/enzoth7/arandu/blob/main/Base%20de%20Datos/Scraping/Montevideo/montevideo_chatgpt_public_review_2026-08-04.csv","False","True"
"Montevideo","arandu_montevideo_transversal_lote_3_correcciones.json","MVD-TR-002","SIN_CLASIFICAR","Pendiente de clasificación humana","Geocódigo incompatible por calle incompleta","Alta","FAC-CANDIDATE-160 — Pro Gente","La fuente dice Bulevar Artigas 2577; la geocodificación almacenada consultó 'Artigas 2577'.","Descartar el punto heredado y regeocodificar la dirección completa después de otra fuente.","https://aderama.org.uy/socios-2026/","https://direcciones.ide.uy/api/v0/geocode/BusquedaDireccion?calle=artigas+2577&departamento=montevideo&localidad=montevideo","False","True"
"Montevideo","arandu_montevideo_transversal_lote_3_correcciones.json","MVD-TR-003","SIN_CLASIFICAR","Pendiente de clasificación humana","Dirección e identidad pública en conflicto","Alta para el conflicto","FAC-CANDIDATE-175 — Residencial Esmeralda","Arandú conserva Agustín Musso 933 y 099 321 943; la misma URL comercial muestra actualmente Agraciada y Grito de Ascencio y 098 089 810.","No mover ni duplicar la ficha. Buscar una segunda fuente y reconstruir la cronología.","https://1122.com.uy/local/residencial-esmeralda/LOC883660001","https://direcciones.ide.uy/api/v0/geocode/BusquedaDireccion?calle=agustin+musso+933&departamento=montevideo&localidad=montevideo","False","True"
"Montevideo","arandu_montevideo_transversal_lote_3_correcciones.json","MVD-TR-004","SIN_CLASIFICAR","Pendiente de clasificación humana","Triple duplicado de una sede","Alta","Álamos Montevideo / Los Álamos / Residencial Álamos — Ibiray 2398","Tres filas comparten domicilio y coordenadas prácticamente idénticas.","Conservar una fila, trasladar alias y fuentes y archivar las redundantes.","https://aderama.org.uy/socios-2026/","https://www.openstreetmap.org/node/3053487191","False","True"
"Montevideo","arandu_montevideo_transversal_lote_3_correcciones.json","MVD-TR-005","SIN_CLASIFICAR","Pendiente de clasificación humana","Duplicado exacto y alias","Alta","Casa Blanca II / Casablanca — Pablo de María 1172","Dos filas comparten domicilio y coordenadas.","Mantener una sede y conservar los nombres como alias o vigencias.","https://aderama.org.uy/socios-2026/","https://www.gub.uy/ministerio-salud-publica/sites/ministerio-salud-publica/files/2024-03/ELEPEM%20CERTIFICADOS%207-3-2024.pdf","False","True"
"Montevideo","arandu_montevideo_transversal_lote_3_correcciones.json","MVD-TR-006","SIN_CLASIFICAR","Pendiente de clasificación humana","Rebranding en sede oficial","Alta","MOAI Libertad / Hogar Siena — Libertad 2840","Mismo inmueble; Hogar Siena está en las fuentes oficiales actuales.","Conservar una sede y la identidad oficial histórica; registrar MOAI con vigencia.","https://grupolife.com.uy/moai-libertad/","https://www.gub.uy/ministerio-salud-publica/sites/ministerio-salud-publica/files/2026-06/ELEPEM%20HABILITADOS%20JUNIO%202026.pdf","False","True"
"Montevideo","arandu_montevideo_transversal_lote_3_correcciones.json","MVD-TR-007","SIN_CLASIFICAR","Pendiente de clasificación humana","Rebranding en sede oficial","Alta","MOAI Rivera / Hogar Casa Campo — Guardizabal 1634","Mismo inmueble; Hogar Casa Campo está en las fuentes oficiales actuales.","Conservar una sede y la identidad oficial histórica; registrar MOAI con vigencia.","https://grupolife.com.uy/moai-rivera/","https://www.gub.uy/ministerio-salud-publica/sites/ministerio-salud-publica/files/2026-06/ELEPEM%20HABILITADOS%20JUNIO%202026.pdf","False","True"
"Montevideo","arandu_montevideo_transversal_lote_3_correcciones.json","MVD-TR-008","SIN_CLASIFICAR","Pendiente de clasificación humana","Rebranding o sucesión en sede histórica","Alta para el domicilio","Mediterraneo III / Residencial Plenilunio — Joaquín Suárez 3429","La señal actual y la ficha histórica usan el mismo inmueble.","Mantener una geometría y reconstruir nombre, operador y vigencias.","https://aderama.org.uy/socios-2026/","https://www.gub.uy/ministerio-salud-publica/sites/ministerio-salud-publica/files/2024-03/ELEPEM%20CERTIFICADOS%207-3-2024.pdf","False","True"
"Montevideo","arandu_montevideo_transversal_lote_3_correcciones.json","MVD-TR-009","SIN_CLASIFICAR","Pendiente de clasificación humana","Duplicado exacto y normalización ortográfica","Alta","Petit Home / Petite Home — Manuel Pintos Cardeiros 5647","Las dos filas comparten domicilio y geometría.","Fusionar filas y conservar variantes de nombre y calle como alias.","https://www.gub.uy/ministerio-salud-publica/sites/ministerio-salud-publica/files/2026-06/ELEPEM%20HABILITADOS%20JUNIO%202026.pdf","https://aderama.org.uy/socios-2026/","False","True"
"Montevideo","arandu_montevideo_transversal_lote_3_correcciones.json","MVD-TR-010","SIN_CLASIFICAR","Pendiente de clasificación humana","Duplicado de sede con conflicto de puerta","Alta","Valle Vilcabamba III — Palmas y Ombúes 5804 / 5805","Dos filas usan exactamente las mismas coordenadas.","Conservar una sede y revisar el rango de puerta.","https://aderama.org.uy/socios-2026/","https://github.com/enzoth7/arandu/blob/main/Base%20de%20Datos/Scraping/Montevideo/montevideo_chatgpt_public_review_2026-08-04.csv","False","True"
"Montevideo","arandu_montevideo_transversal_lote_3_correcciones.json","MVD-TR-011","SIN_CLASIFICAR","Pendiente de clasificación humana","Duplicado exacto de sede oficial","Alta","Valle Vilcabamba IV / Vilcabamba Harwood — Almirante Harwood 6212–6214","Dos filas comparten geometría y describen el mismo rango de puerta.","Conservar una fila oficial, alias y teléfonos.","https://www.gub.uy/ministerio-salud-publica/sites/ministerio-salud-publica/files/2026-06/ELEPEM%20HABILITADOS%20JUNIO%202026.pdf","https://www.gub.uy/ministerio-desarrollo-social/etiqueta/otros/montevideo-establecimientos-larga-estadia-para-personas-mayores-certificado-social","False","True"
"Montevideo","arandu_montevideo_transversal_lote_3_correcciones.json","MVD-TR-012","SIN_CLASIFICAR","Pendiente de clasificación humana","Sede distinta con nombre compartido","Alta","Casa del Sol 2 — Eduardo Raíz 1919","El mismo operador o nombre aparece en otros domicilios; Eduardo Raíz es una ubicación diferenciada.","No fusionar por nombre y no trasladar el estatus oficial de D. A. Larrañaga 4104.","https://aderama.org.uy/socios-2026/","https://www.gub.uy/ministerio-salud-publica/sites/ministerio-salud-publica/files/2024-03/ELEPEM%20CERTIFICADOS%207-3-2024.pdf","False","True"
"Montevideo","arandu_montevideo_transversal_lote_3_correcciones.json","MVD-TR-013","SIN_CLASIFICAR","Pendiente de clasificación humana","Falso positivo departamental","Alta","Residencial Paradise — Jacinto Trapani 1187","La ficha pública ubica el establecimiento en Treinta y Tres.","Excluir del universo de Montevideo.","https://1122.com.uy/local/residencial-paradise/LOC833040001","https://github.com/enzoth7/arandu/blob/main/Base%20de%20Datos/Scraping/Montevideo/montevideo_chatgpt_public_review_2026-08-04.csv","False","True"
"Montevideo","arandu_montevideo_centro_costa_lote_4_correcciones.json","MVD-CC-001","SIN_CLASIFICAR","Pendiente de clasificación humana","Enriquecimiento de ficha candidata","Alta","FAC-CANDIDATE-125 — Residencial Abril","Dos fuentes públicas coinciden en Juan Manuel Blanes 1037 y 2410 3873.","Conservar el punto y agregar correo, esquina, teléfono y fuentes.","https://1122.com.uy/rubro-zona/parque-rodo/residenciales/PRD1000233/Z01059","https://on-mend.com/providers/profiles/hospitals/residencial-abril-montevideo-uruguay","False","True"
"Montevideo","arandu_montevideo_centro_costa_lote_4_correcciones.json","MVD-CC-002","SIN_CLASIFICAR","Pendiente de clasificación humana","Enriquecimiento de ficha candidata","Alta","FAC-CANDIDATE-141 — Residencial Pontevedra","La ficha sectorial exacta publica dirección, tres teléfonos, correo, capacidad y servicios.","Conservar el punto y enriquecer la ficha sin crear otra sede.","https://www.redresidenciales.uy/residencial-hotel/montevideo/reducto/residencial-pontevedra/","https://aderama.org.uy/socios-2026/","False","True"
"Montevideo","arandu_montevideo_centro_costa_lote_4_correcciones.json","MVD-CC-003","SIN_CLASIFICAR","Pendiente de clasificación humana","Identidad histórica ausente de la capa actual exacta","Alta para identidad y domicilio","Residencial María Gracia / María Grazia — Gaboto 1577","Existe una ficha oficial histórica y señales públicas actuales en el mismo domicilio, pero la consulta actual no recuperó una fila exacta.","Reconciliar el histórico y la señal actual antes de recuperar o crear una fila.","https://www.gub.uy/ministerio-desarrollo-social/tramites-y-servicios/contenido/establecimientos-habilitados-maria-gracia","https://www.waze.com/live-map/directions/uruguay/montevideo-department/montevideo/residencial-maria-gracia?to=place.ChIJ259WlUqAn5URpKIOQvL6bU8","False","True"
"Montevideo","arandu_montevideo_centro_costa_lote_4_correcciones.json","MVD-CC-004","SIN_CLASIFICAR","Pendiente de clasificación humana","Triple representación de una sede oficial","Alta","Mediterraneo II / dos filas La Rosaleda — Agraciada 3157","Las tres filas comparten domicilio y geometría; La Rosaleda está en las fuentes oficiales actuales.","Conservar una fila oficial, trasladar fuentes y registrar el alias/operador Mediterráneo.","https://www.gub.uy/ministerio-desarrollo-social/tramites-y-servicios/servicios/establecimientos-larga-estadia-para-personas-mayores-habilitados","https://www.gub.uy/ministerio-desarrollo-social/etiqueta/otros/montevideo-establecimientos-larga-estadia-para-personas-mayores-certificado-social","False","True"
"Montevideo","arandu_montevideo_centro_costa_lote_4_correcciones.json","MVD-CC-005","SIN_CLASIFICAR","Pendiente de clasificación humana","Normalización de teléfonos y alias operativo","Alta para la relación","La Rosaleda (Mediterráneo Salud) / Mediterraneo II","El nombre oficial incorpora Mediterráneo Salud; las fuentes comerciales usan Mediterraneo II.","Conservar teléfonos por fuente y fecha y modelar Mediterráneo como alias u operador, no como otra sede.","https://www.gub.uy/ministerio-desarrollo-social/etiqueta/otros/montevideo-establecimientos-larga-estadia-para-personas-mayores-certificado-social","https://aderama.org.uy/socios-2026/","False","True"
"Montevideo","arandu_montevideo_centro_costa_lote_4_correcciones.json","MVD-CC-006","SIN_CLASIFICAR","Pendiente de clasificación humana","Segunda fuente y continuidad pendientes","Alta","FAC-CANDIDATE-176 — Residencial Tercera Edad","La información exacta proviene de una sola familia de directorio; falta confirmación independiente.","Mantener privada, buscar otra fuente y confirmar continuidad antes de promover.","https://1122.com.uy/local/residencial-tercera-edad/LOC520720001","https://1122.com.uy/rubro-zona/la-aguada/residenciales-adulto-mayor/PRD10114177/Z14102","False","True"
"Montevideo","arandu_montevideo_prado_noroeste_lote_5_correcciones.json","MVD-PN-001","SIN_CLASIFICAR","Pendiente de clasificación humana","Enriquecimiento de ficha candidata","Alta","FAC-CANDIDATE-132 — Residencial Gema Juncal","El sitio propio confirma Calderón de la Barca 1867, teléfonos y servicios de larga estadía.","Conservar el punto y agregar sitio, teléfonos y redes.","https://residencialgemajuncal.com/","https://aderama.org.uy/socios-2026/","False","True"
"Montevideo","arandu_montevideo_prado_noroeste_lote_5_correcciones.json","MVD-PN-002","SIN_CLASIFICAR","Pendiente de clasificación humana","Segunda fuente resuelta y enriquecimiento","Alta","FAC-CANDIDATE-150 — Residencial Eureka","Sitio propio y Guía 1122 coinciden en Camino Castro 152A y contactos.","Conservar y enriquecer la ficha; no crear otro punto.","https://eurekaresidencial.wixsite.com/eureka-residencial","https://1122.com.uy/local/residencial-eureka/LOC861370001","False","True"
"Montevideo","arandu_montevideo_prado_noroeste_lote_5_correcciones.json","MVD-PN-003","SIN_CLASIFICAR","Pendiente de clasificación humana","Etiqueta de sede sin domicilio","Alta","FAC-CANDIDATE-181 — Moirú II","El operador declara dos residencias, pero no publica una dirección específica para Moirú II.","Mantener sin ubicación y no contarla como una tercera sede.","https://residencialmoiru.com/","https://www.instagram.com/p/DLsmQZSMKnP/","False","True"
"Montevideo","arandu_montevideo_prado_noroeste_lote_5_correcciones.json","MVD-PN-004","SIN_CLASIFICAR","Pendiente de clasificación humana","Sede física probable con numeración comercial en conflicto","Media-alta","FAC-CANDIDATE-182 — Moirú III, Agraciada 3444","Existe un domicilio candidato y señales del operador, pero la numeración II/III no está reconciliada.","Conservar en revisión privada y resolver el nombre de la sede antes de publicar.","https://www.facebook.com/100069769715666/","https://residencialmoiru.com/","False","True"
"Montevideo","arandu_montevideo_prado_noroeste_lote_5_correcciones.json","MVD-PN-005","SIN_CLASIFICAR","Pendiente de clasificación humana","Modelo de operador y conteo de sedes","Alta para la necesidad de depuración","Moirú — Juan Carlos Blanco 3362 / Moirú II / Moirú III — Agraciada 3444","La fuente oficial respalda Juan Carlos Blanco 3362 y el sitio institucional declara dos residencias.","Crear un operator_group_id y resolver qué dos domicilios corresponden a las etiquetas comerciales.","https://www.gub.uy/ministerio-desarrollo-social/tramites-y-servicios/servicios/establecimientos-larga-estadia-para-personas-mayores-habilitados","https://residencialmoiru.com/","False","True"
"Montevideo","arandu_montevideo_prado_noroeste_lote_5_correcciones.json","MVD-PN-006","SIN_CLASIFICAR","Pendiente de clasificación humana","Enriquecimiento y operador multisede","Alta","FAC-LEGACY-ELP-0654 — TeaGarden, Av. Lezica 5858","Sitio propio y directorios coinciden en la sede 5858 y sus contactos.","Conservar la fila 5858 y vincular las otras ramas del operador.","https://residencialteagarden.com.uy/montevideo.html","https://1122.com.uy/local/residencial-teagarden/LOC227910001","False","True"
"Montevideo","arandu_montevideo_prado_noroeste_lote_5_correcciones.json","MVD-PN-007","SIN_CLASIFICAR","Pendiente de clasificación humana","Nueva rama candidata","Media-alta","TeaGarden — Av. Lezica 5855","El sitio institucional publica domicilio y teléfonos específicos; no hay coincidencia exacta en Arandú.","Mantener como candidata B1 hasta obtener fuente independiente y geocódigo.","https://residencialteagarden.com.uy/montevideo.html","https://residencialteagarden.com.uy/contacto.html","False","True"
"Montevideo","arandu_montevideo_prado_noroeste_lote_5_correcciones.json","MVD-PN-008","SIN_CLASIFICAR","Pendiente de clasificación humana","Nueva rama candidata","Media-alta","TeaGarden — Lanús 5699","El sitio institucional publica domicilio y teléfonos específicos; no hay coincidencia exacta en Arandú.","Mantener como candidata B1 hasta obtener fuente independiente y geocódigo.","https://residencialteagarden.com.uy/montevideo.html","https://residencialteagarden.com.uy/contacto.html","False","True"
"Montevideo","arandu_montevideo_prado_noroeste_lote_5_correcciones.json","MVD-PN-009","SIN_CLASIFICAR","Pendiente de clasificación humana","Coincidencia oficial y enriquecimiento de sede","Alta","FAC-LEGACY-ELP-0346 — Centro del Adulto Mayor Prado/Agraciada","MIDES y fuentes actuales coinciden en Av. Agraciada 3373.","Conservar la fila oficial, agregar alias Prado, contacto actual y grupo CLAMERICA.","https://www.gub.uy/ministerio-desarrollo-social/etiqueta/otros/montevideo-establecimientos-larga-estadia-para-personas-mayores-certificado-social","https://inforesidenciales.com.uy/centro-del-adulto-mayor-prado/","False","True"
"Montevideo","arandu_montevideo_cerro_oeste_lote_6_correcciones.json","MVD-CO-001","SIN_CLASIFICAR","Pendiente de clasificación humana","Reparación de fila oficial y geocódigo","Alta","FAC-LEGACY-MSP24-067 — Seraan","La fuente oficial vigente publica Avda. Millán 3346, mientras la fila oficial de Arandú tiene una descripción societaria en el campo dirección y una geometría no auditable.","Corregir a Millán 3346 y regeocodificar solo después de revisión humana.","https://www.gub.uy/ministerio-salud-publica/sites/ministerio-salud-publica/files/2026-06/ELEPEM%20HABILITADOS%20JUNIO%202026.pdf","https://uy.linkedin.com/company/cooperativa-seraan","False","True"
"Montevideo","arandu_montevideo_cerro_oeste_lote_6_correcciones.json","MVD-CO-002","SIN_CLASIFICAR","Pendiente de clasificación humana","Dirección o posible sucursal no corroborada","Alta para el conflicto","FAC-CANDIDATE-149 — Cooperativa Seran, Besnes Hirigoyen 5674","ADERAMA publica Besnes Hirigoyen 5674, pero la fuente oficial y el perfil institucional ubican la sede en Millán 3346.","Bloquear la fila Besnes; no contarla como segunda sede hasta una fuente independiente.","https://aderama.org.uy/socios-2026/","https://www.gub.uy/ministerio-salud-publica/sites/ministerio-salud-publica/files/2026-06/ELEPEM%20HABILITADOS%20JUNIO%202026.pdf","False","True"
"Montevideo","arandu_montevideo_cerro_oeste_lote_6_correcciones.json","MVD-CO-003","SIN_CLASIFICAR","Pendiente de clasificación humana","Segunda fuente pendiente","Alta","FAC-CANDIDATE-151 — Galicia 1","Solo se recuperó ADERAMA como fuente exacta para Juan B. Viacaba 1667.","Mantener privada hasta una segunda fuente exacta.","https://aderama.org.uy/socios-2026/","https://www.gub.uy/ministerio-salud-publica/sites/ministerio-salud-publica/files/2026-06/ELEPEM%20HABILITADOS%20JUNIO%202026.pdf","False","True"
"Montevideo","arandu_montevideo_cerro_oeste_lote_6_correcciones.json","MVD-CO-004","SIN_CLASIFICAR","Pendiente de clasificación humana","Segunda fuente y relación de operador pendientes","Alta","FAC-CANDIDATE-152 — Galicia 2","Solo se recuperó ADERAMA; la relación operativa con Galicia 1 no está confirmada.","Mantener privada y no fusionar ni separar definitivamente las sedes sin otra fuente.","https://aderama.org.uy/socios-2026/","https://www.gub.uy/ministerio-salud-publica/sites/ministerio-salud-publica/files/2026-06/ELEPEM%20HABILITADOS%20JUNIO%202026.pdf","False","True"
"Montevideo","arandu_montevideo_cerro_oeste_lote_6_correcciones.json","MVD-CO-005","SIN_CLASIFICAR","Pendiente de clasificación humana","Conflicto de tipo de actividad","Alta para el conflicto","FAC-CANDIDATE-157 — Matildas","ADERAMA la presenta como residencial; otro directorio con el mismo teléfono y domicilio la clasifica como almacén.","Bloquear la ficha hasta confirmar actividad de larga estadía.","https://aderama.org.uy/socios-2026/","https://uy.todosnegocios.com/matilda-s-2613-7797","False","True"
"Montevideo","arandu_montevideo_cerro_oeste_lote_6_correcciones.json","MVD-CO-006","SIN_CLASIFICAR","Pendiente de clasificación humana","Segunda fuente pendiente","Alta","FAC-CANDIDATE-161 — Sully Arce","Solo se recuperó ADERAMA como fuente exacta para Camino Carlos López 8046.","Mantener privada hasta otra fuente exacta y revisión cartográfica.","https://aderama.org.uy/socios-2026/","https://www.gub.uy/ministerio-salud-publica/sites/ministerio-salud-publica/files/2026-06/ELEPEM%20HABILITADOS%20JUNIO%202026.pdf","False","True"
