"source_path","sha256","size_bytes","record_type","record_key","status","reason","supabase_target","already_applied_evidence","destination_path"
"Cambios/Fotos, precios y dscripciones/paquete-integracion-residenciales-59.zip","fa70f4ad26c07b28e0eb3176f38f7989d4577df5406d44b1492606519da9813b","22477","zip","file:Cambios/Fotos, precios y dscripciones/paquete-integracion-residenciales-59.zip","fuente_mixta_pendiente","Contiene descripciones combinables y campos de precios/imágenes que requieren tratamiento separado.","public.elepem (solo descripción y fuentes)","59/59 códigos existentes; 59 descripciones faltantes en el snapshot vivo.","Cambios/02_pendiente_revision/residenciales/paquete_enriquecido_59_original/paquete-integracion-residenciales-59.zip"
"Cambios/Fotos, precios y dscripciones/residenciales-enriquecidos.json","89d4a3b985279f4e97c7422499b31a7f69146ef4e07b7a2073a9b83b5201d58d","224672","json","file:Cambios/Fotos, precios y dscripciones/residenciales-enriquecidos.json","fuente_mixta_pendiente","Contiene descripciones combinables y campos de precios/imágenes que requieren tratamiento separado.","public.elepem (solo descripción y fuentes)","59/59 códigos existentes; 59 descripciones faltantes en el snapshot vivo.","Cambios/02_pendiente_revision/residenciales/paquete_enriquecido_59_original/residenciales-enriquecidos.json"
"Cambios/Imagenes/imagenes_para_importar_staging_143.json","f44bfb47502db30734bf487ce1b3c337aa8fca736f8e9f76b2a0255bf3ad3672","124237","json","file:Cambios/Imagenes/imagenes_para_importar_staging_143.json","pendiente_derechos","Imágenes de prototipo; falta autorización pública, privacidad y deduplicación visual.","Supabase Storage, solo tras autorización futura","143 imágenes; 0 hashes coincidentes con el lote de 144 publicado previamente.","Cambios/02_pendiente_revision/imagenes_derechos/imagenes_para_importar_staging_143.json"
"Cambios/Imagenes/manifest_imagenes_159.xlsx","b9f7e3594fb5707fd79b8f0f6c7393036b6a753c5827a3a83b87e6b93b44d9e3","41662","xlsx","file:Cambios/Imagenes/manifest_imagenes_159.xlsx","pendiente_derechos","Imágenes de prototipo; falta autorización pública, privacidad y deduplicación visual.","Supabase Storage, solo tras autorización futura","143 imágenes; 0 hashes coincidentes con el lote de 144 publicado previamente.","Cambios/02_pendiente_revision/imagenes_derechos/manifest_imagenes_159_referencia.xlsx"
"Cambios/Imagenes/mascerca_imagenes_completas_159.zip","78799e43e64493acf8dedbab48d5d7fcde6564772355e5c34c99c36f447fc412","17742350","zip","file:Cambios/Imagenes/mascerca_imagenes_completas_159.zip","reempacado_y_eliminado","Contenedor mixto 159 reemplazado por paquete limpio de 143.","Ninguno","159 = 143 conservadas + 16 descartadas.",""
"Cambios/Imagenes/NO_SUBIR_imagenes_historicas_16.json","3902fdf30d4c42fa94df06c110b9292b36799cf086c9be4ccf46b73796a8fe2c","41896","json","file:Cambios/Imagenes/NO_SUBIR_imagenes_historicas_16.json","descartado","Manifiesto NO_SUBIR consumido en deleted_manifest.json.","Ninguno","16 descartes explícitos.",""
"Cambios/Plan integrado de cambios priorizados.md","9d4de5210bcaa755b2750ddfd95340d95dbcf38ea8d0a532e945ae13a7006dfb","7355","md","file:Cambios/Plan integrado de cambios priorizados.md","referencia","Documento de referencia conservado sin cambios.","","","Cambios/Plan integrado de cambios priorizados.md"
"Cambios/Precios residenciales/arandu_precios_evidencia_final.csv","4b8c7b7ec212d7f895c7b40edfe385e57d7a10f747e399330810b16d225b34cb","18244","csv","file:Cambios/Precios residenciales/arandu_precios_evidencia_final.csv","archivado_parcialmente_aplicado","Paquete de precios aplicado; cinco indicios sin conciliar fueron separados.","public.elepem (sin nueva escritura)","21/21 códigos presentes en el resultado de publicación; priced_elepem=21.","data/discovery/archivo_importado/2026-08-16/precios_aplicados_21/arandu_precios_evidencia_final.csv"
"Cambios/Precios residenciales/arandu_precios_final_para_app.csv","ed8e94494e77d3d178d25a795d5227630884079bcc613fe2c4e8fd4579913fd0","13280","csv","file:Cambios/Precios residenciales/arandu_precios_final_para_app.csv","archivado_ya_aplicado","Paquete de precios aplicado; cinco indicios sin conciliar fueron separados.","public.elepem (sin nueva escritura)","21/21 códigos presentes en el resultado de publicación; priced_elepem=21.","data/discovery/archivo_importado/2026-08-16/precios_aplicados_21/arandu_precios_final_para_app.csv"
"Cambios/Precios residenciales/arandu_precios_final_para_app.json","7e9aa7ba952bb5c6d8083d921c4fd6e6a0516b1e7898d9352e0b40ef2eb195af","74561","json","file:Cambios/Precios residenciales/arandu_precios_final_para_app.json","archivado_ya_aplicado","Paquete de precios aplicado; cinco indicios sin conciliar fueron separados.","public.elepem (sin nueva escritura)","21/21 códigos presentes en el resultado de publicación; priced_elepem=21.","data/discovery/archivo_importado/2026-08-16/precios_aplicados_21/arandu_precios_final_para_app.json"
"Cambios/Precios residenciales/arandu_precios_final_para_app.xlsx","3eb6bcb0891f420057d24fd29df23b3034e8a9e819c4ac2727b40ab69d022826","30432","xlsx","file:Cambios/Precios residenciales/arandu_precios_final_para_app.xlsx","archivado_ya_aplicado","Paquete de precios aplicado; cinco indicios sin conciliar fueron separados.","public.elepem (sin nueva escritura)","21/21 códigos presentes en el resultado de publicación; priced_elepem=21.","data/discovery/archivo_importado/2026-08-16/precios_aplicados_21/arandu_precios_final_para_app.xlsx"
"Cambios/Precios residenciales/arandu_precios_final_staging.sql","e83ce82252a02b082aac626192bcb76cb60542561e34c4d77d57d61a7f77d4ce","126763","sql","file:Cambios/Precios residenciales/arandu_precios_final_staging.sql","descartado","SQL incompatible: crea staging_arandu.","Ninguno","No autorizado crear esquemas/tablas.",""
"Cambios/Precios residenciales/README_ARANDU_PRECIOS_FINALES.md","dce62357c61324821c984c4581a28746cd668e1b9100a077a36c330d2e710ee9","2116","md","file:Cambios/Precios residenciales/README_ARANDU_PRECIOS_FINALES.md","archivado_ya_aplicado","Paquete de precios aplicado; cinco indicios sin conciliar fueron separados.","public.elepem (sin nueva escritura)","21/21 códigos presentes en el resultado de publicación; priced_elepem=21.","data/discovery/archivo_importado/2026-08-16/precios_aplicados_21/README_ARANDU_PRECIOS_FINALES.md"
"Cambios/Residenciales/arandu_candidatos_nuevos_staging_85.csv","bc36e64e34d3a1bc4d56dca375344a09a06c173a156c02242b8eb68b1aae3f72","83425","csv","file:Cambios/Residenciales/arandu_candidatos_nuevos_staging_85.csv","pendiente_revision","84 candidatos pendientes; uno cerrado excluido de derivados.","public.elepem o public.elepem_sin_ubicacion, solo tras deduplicación y validación","public_eligible=0; ready_for_direct_integration=0; apply_now=0.","Cambios/02_pendiente_revision/residenciales/originales_candidatos_85/arandu_candidatos_nuevos_staging_85.csv"
"Cambios/Residenciales/arandu_candidatos_nuevos_staging_85.json","7bcaf249174b3f84ac05e67e2ce479b7a55bf2834efb1e72f9c38914be00c1f3","155819","json","file:Cambios/Residenciales/arandu_candidatos_nuevos_staging_85.json","pendiente_revision","84 candidatos pendientes; uno cerrado excluido de derivados.","public.elepem o public.elepem_sin_ubicacion, solo tras deduplicación y validación","public_eligible=0; ready_for_direct_integration=0; apply_now=0.","Cambios/02_pendiente_revision/residenciales/originales_candidatos_85/arandu_candidatos_nuevos_staging_85.json"
"Cambios/Residenciales/arandu_correcciones_staging_143.csv","63726b900435dd9fef027419aaf376e16b0e042eddc393eab5b0c10594eb7e57","79444","csv","file:Cambios/Residenciales/arandu_correcciones_staging_143.csv","pendiente_revision_humana","Todas las correcciones requieren revisión humana y apply_now=false.","Ambas tablas operativas según cada caso futuro","143/143 requires_human_review=true; 143/143 apply_now=false.","Cambios/02_pendiente_revision/correcciones/originales_143/arandu_correcciones_staging_143.csv"
"Cambios/Residenciales/arandu_correcciones_staging_143.json","f8bdae9d31165d76311b632346b5d418cb84b5b9571dce06baeae3107acbbe16","130787","json","file:Cambios/Residenciales/arandu_correcciones_staging_143.json","pendiente_revision_humana","Todas las correcciones requieren revisión humana y apply_now=false.","Ambas tablas operativas según cada caso futuro","143/143 requires_human_review=true; 143/143 apply_now=false.","Cambios/02_pendiente_revision/correcciones/originales_143/arandu_correcciones_staging_143.json"
"Cambios/Residenciales/arandu_resumen_integracion_todos_departamentos.xlsx","df94f78cb20b45f66a5c5ac0fc2402a56502891592ef7ff0d71eee8c7bf0c9d0","85345","xlsx","file:Cambios/Residenciales/arandu_resumen_integracion_todos_departamentos.xlsx","referencia_pendiente","Resumen humano; no es insumo directo de importación.","Ninguno","Conservado como formato redundante de referencia.","Cambios/02_pendiente_revision/residenciales/referencias/arandu_resumen_integracion_todos_departamentos.xlsx"
"Cambios/Residenciales/README.md","d4026540cafcffd5ce5f238a8387a22443343ffe63f0fef7f7790481b9e745ff","2813","md","file:Cambios/Residenciales/README.md","referencia_pendiente","Resumen humano; no es insumo directo de importación.","Ninguno","Conservado como formato redundante de referencia.","Cambios/02_pendiente_revision/residenciales/referencias/README.md"
