table_name,column_name,data_type,nullable,default_value,purpose,allowed_values,source_of_truth,written_by,read_by,publicly_exposed,retention_rule,index_or_constraint,migration_origin
elepem_core.source_catalog,id,bigint,no,,Surrogate row identifier.,valid identity or referenced ID,reviewed source policy,authorized import administrator,imports and auditors,no,permanent while referenced,primary key; identity,20260803042525_normalized_elepem_core_model
elepem_core.source_catalog,source_key,text,no,,Stable source identifier used by imports and audits.,CHECK/FK/length rules in migration,reviewed source policy,authorized import administrator,imports and auditors,no,permanent while referenced,length/value CHECK,20260803042525_normalized_elepem_core_model
elepem_core.source_catalog,display_name,text,no,,Human-readable source name.,CHECK/FK/length rules in migration,reviewed source policy,authorized import administrator,imports and auditors,no,permanent while referenced,length/value CHECK,20260803042525_normalized_elepem_core_model
elepem_core.source_catalog,source_type,text,no,,Classifies the public or official source.,official|openstreetmap|public_directory|facility_website|news|social_public_url|manual_referral|legacy_app|other,reviewed source policy,authorized import administrator,imports and auditors,no,permanent while referenced,length/value CHECK,20260803042525_normalized_elepem_core_model
elepem_core.source_catalog,source_channel,text,no,,Canonical user-facing provenance channel.,official_sources|public_maps|public_social_sources|other_public_sources|manual_editorial,reviewed source policy,authorized import administrator,filters imports and auditors,no,permanent while referenced,length/value CHECK,20260803042525_normalized_elepem_core_model
elepem_core.source_catalog,base_url,text,yes,,Canonical public landing URL for the source.,http(s) URL within CHECK length,reviewed source policy,authorized import administrator,imports and auditors,no,permanent while referenced,length/value CHECK,20260803042525_normalized_elepem_core_model
elepem_core.source_catalog,authority_level,text,no,'lead',"States whether the source supports evidence A, B, or only a lead.",official_nominal|independent_public|lead,reviewed source policy,authorized import administrator,imports and auditors,no,permanent while referenced,length/value CHECK,20260803042525_normalized_elepem_core_model
elepem_core.source_catalog,storage_policy,text,no,'normalized_only',"Controls retention of references, normalized fields, or permitted raw metadata.",reference_only|normalized_only|raw_metadata_permitted,reviewed source policy,authorized import administrator,imports and auditors,no,permanent while referenced,length/value CHECK,20260803042525_normalized_elepem_core_model
elepem_core.source_catalog,source_license,text,yes,,Source licence or reuse terms when known.,CHECK/FK/length rules in migration,reviewed source policy,authorized import administrator,imports and auditors,no,permanent while referenced,length/value CHECK,20260803042525_normalized_elepem_core_model
elepem_core.source_catalog,active,boolean,no,true,Retires a source definition without deletion.,true|false,reviewed source policy,authorized import administrator,imports and auditors,no,permanent while referenced,CHECK/index in forward migration,20260803042525_normalized_elepem_core_model
elepem_core.source_catalog,created_at,timestamptz,no,now(),Row creation timestamp.,timezone-aware timestamp,reviewed source policy,authorized import administrator,imports and auditors,no,permanent while referenced,CHECK/index in forward migration,20260803042525_normalized_elepem_core_model
elepem_core.source_catalog,updated_at,timestamptz,no,now(),Last controlled update timestamp.,timezone-aware timestamp,reviewed source policy,authorized import administrator,imports and auditors,no,permanent while referenced,CHECK/index in forward migration,20260803042525_normalized_elepem_core_model
elepem_core.organizations,id,bigint,no,,Surrogate row identifier.,valid identity or referenced ID,reviewed observations,backfill or reviewer,internal workflows and auditors,no,current and historical,primary key; identity,20260803042525_normalized_elepem_core_model
elepem_core.organizations,organization_key,text,no,,Stable deduplication key for an operator.,CHECK/FK/length rules in migration,reviewed observations,backfill or reviewer,internal workflows and auditors,no,current and historical,length/value CHECK,20260803042525_normalized_elepem_core_model
elepem_core.organizations,legal_name,text,no,,Reviewed legal organization name.,CHECK/FK/length rules in migration,reviewed observations,backfill or reviewer,internal workflows and auditors,no,current and historical,length/value CHECK,20260803042525_normalized_elepem_core_model
elepem_core.organizations,organization_type,text,no,'unknown',Operator class without inferring unknown legal form.,company|association|foundation|public_body|person_sole_trader|unknown,reviewed observations,backfill or reviewer,internal workflows and auditors,no,current and historical,length/value CHECK,20260803042525_normalized_elepem_core_model
elepem_core.organizations,lifecycle_status,text,no,'current',Separates current and historical lifecycle states.,current|historical|inactive|unknown,reviewed observations,backfill or reviewer,internal workflows and auditors,no,current and historical,length/value CHECK,20260803042525_normalized_elepem_core_model
elepem_core.organizations,created_at,timestamptz,no,now(),Row creation timestamp.,timezone-aware timestamp,reviewed observations,backfill or reviewer,internal workflows and auditors,no,current and historical,CHECK/index in forward migration,20260803042525_normalized_elepem_core_model
elepem_core.organizations,updated_at,timestamptz,no,now(),Last controlled update timestamp.,timezone-aware timestamp,reviewed observations,backfill or reviewer,internal workflows and auditors,no,current and historical,CHECK/index in forward migration,20260803042525_normalized_elepem_core_model
elepem_core.facilities,id,bigint,no,,Surrogate row identifier.,valid identity or referenced ID,reconciled observations and human review,backfill or reviewer,internal views and approved projection,no,permanent; merge instead of delete,primary key; identity,20260803042525_normalized_elepem_core_model
elepem_core.facilities,facility_key,text,no,,Stable public-safe ID for one physical site.,CHECK/FK/length rules in migration,reconciled observations and human review,backfill or reviewer,internal views and approved projection,no,permanent; merge instead of delete,length/value CHECK,20260803042525_normalized_elepem_core_model
elepem_core.facilities,lifecycle_status,text,no,'current',Separates current and historical lifecycle states.,current|historical|closed|merged|unknown,reconciled observations and human review,backfill or reviewer,internal views and approved projection,no,permanent; merge instead of delete,length/value CHECK,20260803042525_normalized_elepem_core_model
elepem_core.facilities,review_status,text,no,'unreviewed',Human verification state.,unreviewed|needs_review|verified|rejected,reconciled observations and human review,backfill or reviewer,internal views and approved projection,no,permanent; merge instead of delete,length/value CHECK,20260803042525_normalized_elepem_core_model
elepem_core.facilities,publication_status,text,no,'private',Explicit eligibility and publication gate.,private|eligible|approved|withdrawn; approved requires A/B review,reconciled observations and human review,backfill or reviewer,internal views and approved projection,no,permanent; merge instead of delete,CHECK plus publication trigger,20260803042525_normalized_elepem_core_model
elepem_core.facilities,merged_into_facility_id,bigint,yes,,Surviving site for a reviewed duplicate.,valid identity or referenced ID,reconciled observations and human review,backfill or reviewer,internal views and approved projection,no,permanent; merge instead of delete,FK plus join index where applicable,20260803042525_normalized_elepem_core_model
elepem_core.facilities,created_at,timestamptz,no,now(),Row creation timestamp.,timezone-aware timestamp,reconciled observations and human review,backfill or reviewer,internal views and approved projection,no,permanent; merge instead of delete,CHECK/index in forward migration,20260803042525_normalized_elepem_core_model
elepem_core.facilities,updated_at,timestamptz,no,now(),Last controlled update timestamp.,timezone-aware timestamp,reconciled observations and human review,backfill or reviewer,internal views and approved projection,no,permanent; merge instead of delete,CHECK/index in forward migration,20260803042525_normalized_elepem_core_model
elepem_core.facility_operators,id,bigint,no,,Surrogate row identifier.,valid identity or referenced ID,linked observation and review,backfill or reviewer,internal detail and audit,no,current and historical,primary key; identity,20260803042525_normalized_elepem_core_model
elepem_core.facility_operators,facility_id,bigint,no,,Canonical physical-site reference.,valid identity or referenced ID,linked observation and review,backfill or reviewer,internal detail and audit,no,current and historical,FK plus join index where applicable,20260803042525_normalized_elepem_core_model
elepem_core.facility_operators,organization_id,bigint,no,,Organization reference.,valid identity or referenced ID,linked observation and review,backfill or reviewer,internal detail and audit,no,current and historical,FK plus join index where applicable,20260803042525_normalized_elepem_core_model
elepem_core.facility_operators,relationship_type,text,no,,Operator relationship to the site.,operator|owner|manager|license_holder|other,linked observation and review,backfill or reviewer,internal detail and audit,no,current and historical,length/value CHECK,20260803042525_normalized_elepem_core_model
elepem_core.facility_operators,valid_from,date,yes,,Optional start date for the value.,ISO date; paired date checks,linked observation and review,backfill or reviewer,internal detail and audit,no,current and historical,CHECK/index in forward migration,20260803042525_normalized_elepem_core_model
elepem_core.facility_operators,valid_to,date,yes,,Optional end date; null means current unless separately flagged.,ISO date; paired date checks,linked observation and review,backfill or reviewer,internal detail and audit,no,current and historical,CHECK/index in forward migration,20260803042525_normalized_elepem_core_model
elepem_core.facility_operators,observation_id,bigint,yes,,Immutable source-observation reference.,valid identity or referenced ID,linked observation and review,backfill or reviewer,internal detail and audit,no,current and historical,FK plus join index where applicable,20260803042525_normalized_elepem_core_model
elepem_core.facility_operators,created_at,timestamptz,no,now(),Row creation timestamp.,timezone-aware timestamp,linked observation and review,backfill or reviewer,internal detail and audit,no,current and historical,CHECK/index in forward migration,20260803042525_normalized_elepem_core_model
elepem_core.facility_names,id,bigint,no,,Surrogate row identifier.,valid identity or referenced ID,linked observation and review,import or reviewer,matching and projections,no,current aliases and history,primary key; identity,20260803042525_normalized_elepem_core_model
elepem_core.facility_names,facility_id,bigint,no,,Canonical physical-site reference.,valid identity or referenced ID,linked observation and review,import or reviewer,matching and projections,no,current aliases and history,FK plus join index where applicable,20260803042525_normalized_elepem_core_model
elepem_core.facility_names,name,text,no,,Observed or selected facility name.,CHECK/FK/length rules in migration,linked observation and review,import or reviewer,matching and projections,no,current aliases and history,length/value CHECK,20260803042525_normalized_elepem_core_model
elepem_core.facility_names,normalized_name,text,no,,Comparison value that never replaces observed text.,CHECK/FK/length rules in migration,linked observation and review,import or reviewer,matching and projections,no,current aliases and history,length/value CHECK,20260803042525_normalized_elepem_core_model
elepem_core.facility_names,name_type,text,no,,"Canonical, observed, alias, historical, or legal role.",canonical|observed|alias|historical|legal,linked observation and review,import or reviewer,matching and projections,no,current aliases and history,length/value CHECK,20260803042525_normalized_elepem_core_model
elepem_core.facility_names,valid_from,date,yes,,Optional start date for the value.,ISO date; paired date checks,linked observation and review,import or reviewer,matching and projections,no,current aliases and history,CHECK/index in forward migration,20260803042525_normalized_elepem_core_model
elepem_core.facility_names,valid_to,date,yes,,Optional end date; null means current unless separately flagged.,ISO date; paired date checks,linked observation and review,import or reviewer,matching and projections,no,current aliases and history,CHECK/index in forward migration,20260803042525_normalized_elepem_core_model
elepem_core.facility_names,is_preferred,boolean,no,false,Selects the single current display name.,true|false,linked observation and review,import or reviewer,matching and projections,no,current aliases and history,partial UNIQUE per facility,20260803042525_normalized_elepem_core_model
elepem_core.facility_names,observation_id,bigint,yes,,Immutable source-observation reference.,valid identity or referenced ID,linked observation and review,import or reviewer,matching and projections,no,current aliases and history,FK plus join index where applicable,20260803042525_normalized_elepem_core_model
elepem_core.facility_names,created_at,timestamptz,no,now(),Row creation timestamp.,timezone-aware timestamp,linked observation and review,import or reviewer,matching and projections,no,current aliases and history,CHECK/index in forward migration,20260803042525_normalized_elepem_core_model
elepem_core.facility_addresses,id,bigint,no,,Surrogate row identifier.,valid identity or referenced ID,linked observation and review,import or reviewer,matching geocoding and projections,no,current and historical,primary key; identity,20260803042525_normalized_elepem_core_model
elepem_core.facility_addresses,facility_id,bigint,no,,Canonical physical-site reference.,valid identity or referenced ID,linked observation and review,import or reviewer,matching geocoding and projections,no,current and historical,FK plus join index where applicable,20260803042525_normalized_elepem_core_model
elepem_core.facility_addresses,address_line,text,no,,One street-address value.,CHECK/FK/length rules in migration,linked observation and review,import or reviewer,matching geocoding and projections,no,current and historical,length/value CHECK,20260803042525_normalized_elepem_core_model
elepem_core.facility_addresses,normalized_address,text,no,,Address comparison value.,CHECK/FK/length rules in migration,linked observation and review,import or reviewer,matching geocoding and projections,no,current and historical,length/value CHECK,20260803042525_normalized_elepem_core_model
elepem_core.facility_addresses,locality,text,no,,Source-backed locality.,CHECK/FK/length rules in migration,linked observation and review,import or reviewer,matching geocoding and projections,no,current and historical,length/value CHECK,20260803042525_normalized_elepem_core_model
elepem_core.facility_addresses,department,text,no,,Source-backed Uruguayan department.,CHECK/FK/length rules in migration,linked observation and review,import or reviewer,matching geocoding and projections,no,current and historical,length/value CHECK,20260803042525_normalized_elepem_core_model
elepem_core.facility_addresses,postal_code,text,yes,,Postal code separate from address.,CHECK/FK/length rules in migration,linked observation and review,import or reviewer,matching geocoding and projections,no,current and historical,length/value CHECK,20260803042525_normalized_elepem_core_model
elepem_core.facility_addresses,address_type,text,no,'physical',"Physical, postal, or historical address role.",physical|postal|historical,linked observation and review,import or reviewer,matching geocoding and projections,no,current and historical,length/value CHECK,20260803042525_normalized_elepem_core_model
elepem_core.facility_addresses,valid_from,date,yes,,Optional start date for the value.,ISO date; paired date checks,linked observation and review,import or reviewer,matching geocoding and projections,no,current and historical,CHECK/index in forward migration,20260803042525_normalized_elepem_core_model
elepem_core.facility_addresses,valid_to,date,yes,,Optional end date; null means current unless separately flagged.,ISO date; paired date checks,linked observation and review,import or reviewer,matching geocoding and projections,no,current and historical,CHECK/index in forward migration,20260803042525_normalized_elepem_core_model
elepem_core.facility_addresses,is_current,boolean,no,true,Reviewed current-value marker.,true|false,linked observation and review,import or reviewer,matching geocoding and projections,no,current and historical,CHECK plus partial current index where singular,20260803042525_normalized_elepem_core_model
elepem_core.facility_addresses,observation_id,bigint,yes,,Immutable source-observation reference.,valid identity or referenced ID,linked observation and review,import or reviewer,matching geocoding and projections,no,current and historical,FK plus join index where applicable,20260803042525_normalized_elepem_core_model
elepem_core.facility_addresses,created_at,timestamptz,no,now(),Row creation timestamp.,timezone-aware timestamp,linked observation and review,import or reviewer,matching geocoding and projections,no,current and historical,CHECK/index in forward migration,20260803042525_normalized_elepem_core_model
elepem_core.facility_contacts,id,bigint,no,,Surrogate row identifier.,valid identity or referenced ID,linked observation and review,import or reviewer,private matching/review,no,history; one value per row,primary key; identity,20260803042525_normalized_elepem_core_model
elepem_core.facility_contacts,facility_id,bigint,no,,Canonical physical-site reference.,valid identity or referenced ID,linked observation and review,import or reviewer,private matching/review,no,history; one value per row,FK plus join index where applicable,20260803042525_normalized_elepem_core_model
elepem_core.facility_contacts,contact_type,text,no,,"Phone, email, or website category.",phone|email|website,linked observation and review,import or reviewer,private matching/review,no,history; one value per row,length/value CHECK,20260803042525_normalized_elepem_core_model
elepem_core.facility_contacts,contact_value,text,no,,One observed contact; concatenation forbidden.,CHECK/FK/length rules in migration,linked observation and review,import or reviewer,private matching/review,no,history; one value per row,length/value CHECK,20260803042525_normalized_elepem_core_model
elepem_core.facility_contacts,normalized_value,text,no,,Contact comparison value.,CHECK/FK/length rules in migration,linked observation and review,import or reviewer,private matching/review,no,history; one value per row,length/value CHECK,20260803042525_normalized_elepem_core_model
elepem_core.facility_contacts,valid_from,date,yes,,Optional start date for the value.,ISO date; paired date checks,linked observation and review,import or reviewer,private matching/review,no,history; one value per row,CHECK/index in forward migration,20260803042525_normalized_elepem_core_model
elepem_core.facility_contacts,valid_to,date,yes,,Optional end date; null means current unless separately flagged.,ISO date; paired date checks,linked observation and review,import or reviewer,private matching/review,no,history; one value per row,CHECK/index in forward migration,20260803042525_normalized_elepem_core_model
elepem_core.facility_contacts,is_current,boolean,no,true,Reviewed current-value marker.,true|false,linked observation and review,import or reviewer,private matching/review,no,history; one value per row,CHECK plus partial current index where singular,20260803042525_normalized_elepem_core_model
elepem_core.facility_contacts,observation_id,bigint,yes,,Immutable source-observation reference.,valid identity or referenced ID,linked observation and review,import or reviewer,private matching/review,no,history; one value per row,FK plus join index where applicable,20260803042525_normalized_elepem_core_model
elepem_core.facility_contacts,created_at,timestamptz,no,now(),Row creation timestamp.,timezone-aware timestamp,linked observation and review,import or reviewer,private matching/review,no,history; one value per row,CHECK/index in forward migration,20260803042525_normalized_elepem_core_model
elepem_core.facility_social_accounts,id,bigint,no,,Surrogate row identifier.,valid identity or referenced ID,public URL and human check,human reviewer,private research/audit,no,URL date note only,primary key; identity,20260803042525_normalized_elepem_core_model
elepem_core.facility_social_accounts,facility_id,bigint,no,,Canonical physical-site reference.,valid identity or referenced ID,public URL and human check,human reviewer,private research/audit,no,URL date note only,FK plus join index where applicable,20260803042525_normalized_elepem_core_model
elepem_core.facility_social_accounts,platform,text,no,,Social platform name.,instagram|facebook|other,public URL and human check,human reviewer,private research/audit,no,URL date note only,length/value CHECK,20260803042525_normalized_elepem_core_model
elepem_core.facility_social_accounts,public_url,text,no,,Public account URL only; no platform content.,http(s) URL within CHECK length,public URL and human check,human reviewer,private research/audit,no,URL date note only,length/value CHECK,20260803042525_normalized_elepem_core_model
elepem_core.facility_social_accounts,checked_at,timestamptz,no,,Controlled verification timestamp.,timezone-aware timestamp,public URL and human check,human reviewer,private research/audit,no,URL date note only,CHECK/index in forward migration,20260803042525_normalized_elepem_core_model
elepem_core.facility_social_accounts,human_note,text,no,,Brief factual human note.,CHECK/FK/length rules in migration,public URL and human check,human reviewer,private research/audit,no,URL date note only,length/value CHECK,20260803042525_normalized_elepem_core_model
elepem_core.facility_social_accounts,valid_to,date,yes,,Optional end date; null means current unless separately flagged.,ISO date; paired date checks,public URL and human check,human reviewer,private research/audit,no,URL date note only,CHECK/index in forward migration,20260803042525_normalized_elepem_core_model
elepem_core.facility_social_accounts,observation_id,bigint,yes,,Immutable source-observation reference.,valid identity or referenced ID,public URL and human check,human reviewer,private research/audit,no,URL date note only,FK plus join index where applicable,20260803042525_normalized_elepem_core_model
elepem_core.facility_social_accounts,created_at,timestamptz,no,now(),Row creation timestamp.,timezone-aware timestamp,public URL and human check,human reviewer,private research/audit,no,URL date note only,CHECK/index in forward migration,20260803042525_normalized_elepem_core_model
elepem_core.facility_observation_links,facility_id,bigint,no,,Canonical physical-site reference.,valid identity or referenced ID,immutable source observation,backfill or reviewer,evidence/exclusion/audit,no,permanent provenance,FK plus join index where applicable,20260803042525_normalized_elepem_core_model
elepem_core.facility_observation_links,observation_id,bigint,no,,Immutable source-observation reference.,valid identity or referenced ID,immutable source observation,backfill or reviewer,evidence/exclusion/audit,no,permanent provenance,FK plus join index where applicable,20260803042525_normalized_elepem_core_model
elepem_core.facility_observation_links,evidence_role,text,no,'context',How the observation supports or conflicts.,evidence_a|evidence_b|context|conflict|historical,immutable source observation,backfill or reviewer,evidence/exclusion/audit,no,permanent provenance,length/value CHECK,20260803042525_normalized_elepem_core_model
elepem_core.facility_observation_links,independence_key,text,yes,,Independent tier-B source identifier.,CHECK/FK/length rules in migration,immutable source observation,backfill or reviewer,evidence/exclusion/audit,no,permanent provenance,length/value CHECK,20260803042525_normalized_elepem_core_model
elepem_core.facility_observation_links,linked_by,text,no,,Reviewer or controlled linking job.,CHECK/FK/length rules in migration,immutable source observation,backfill or reviewer,evidence/exclusion/audit,no,permanent provenance,length/value CHECK,20260803042525_normalized_elepem_core_model
elepem_core.facility_observation_links,linked_at,timestamptz,no,now(),Provenance-link timestamp.,timezone-aware timestamp,immutable source observation,backfill or reviewer,evidence/exclusion/audit,no,permanent provenance,CHECK/index in forward migration,20260803042525_normalized_elepem_core_model
elepem_core.facility_administrative_events,id,bigint,no,,Surrogate row identifier.,valid identity or referenced ID,official observation,official import or reviewer,internal/public projections,no,all historical events,primary key; identity,20260803042525_normalized_elepem_core_model
elepem_core.facility_administrative_events,facility_id,bigint,no,,Canonical physical-site reference.,valid identity or referenced ID,official observation,official import or reviewer,internal/public projections,no,all historical events,FK plus join index where applicable,20260803042525_normalized_elepem_core_model
elepem_core.facility_administrative_events,authority,text,no,,Administrative authority.,MSP|MIDES|PACP|OTHER,official observation,official import or reviewer,internal/public projections,no,all historical events,length/value CHECK,20260803042525_normalized_elepem_core_model
elepem_core.facility_administrative_events,administrative_stage,text,no,,Separate administrative stage.,authorization_final|historical_registration|social_certificate|provider_registry|other,official observation,official import or reviewer,internal/public projections,no,all historical events,length/value CHECK,20260803042525_normalized_elepem_core_model
elepem_core.facility_administrative_events,status_label,text,no,,Source-faithful short status.,CHECK/FK/length rules in migration,official observation,official import or reviewer,internal/public projections,no,all historical events,length/value CHECK,20260803042525_normalized_elepem_core_model
elepem_core.facility_administrative_events,reference_code,text,yes,,Optional public administrative reference.,CHECK/FK/length rules in migration,official observation,official import or reviewer,internal/public projections,no,all historical events,length/value CHECK,20260803042525_normalized_elepem_core_model
elepem_core.facility_administrative_events,effective_date,date,yes,,Effective date of the observed value.,ISO date; paired date checks,official observation,official import or reviewer,internal/public projections,no,all historical events,CHECK/index in forward migration,20260803042525_normalized_elepem_core_model
elepem_core.facility_administrative_events,end_date,date,yes,,Historical end date.,ISO date; paired date checks,official observation,official import or reviewer,internal/public projections,no,all historical events,CHECK/index in forward migration,20260803042525_normalized_elepem_core_model
elepem_core.facility_administrative_events,is_current,boolean,no,true,Reviewed current-value marker.,true|false,official observation,official import or reviewer,internal/public projections,no,all historical events,CHECK plus partial current index where singular,20260803042525_normalized_elepem_core_model
elepem_core.facility_administrative_events,observation_id,bigint,no,,Immutable source-observation reference.,valid identity or referenced ID,official observation,official import or reviewer,internal/public projections,no,all historical events,FK plus join index where applicable,20260803042525_normalized_elepem_core_model
elepem_core.facility_administrative_events,recorded_at,timestamptz,no,now(),Normalization timestamp.,timezone-aware timestamp,official observation,official import or reviewer,internal/public projections,no,all historical events,CHECK/index in forward migration,20260803042525_normalized_elepem_core_model
elepem_core.facility_capacity_observations,id,bigint,no,,Surrogate row identifier.,valid identity or referenced ID,dated observation,import or reviewer,internal/public projections,no,historical observations,primary key; identity,20260803042525_normalized_elepem_core_model
elepem_core.facility_capacity_observations,facility_id,bigint,no,,Canonical physical-site reference.,valid identity or referenced ID,dated observation,import or reviewer,internal/public projections,no,historical observations,FK plus join index where applicable,20260803042525_normalized_elepem_core_model
elepem_core.facility_capacity_observations,places,integer,no,,Capacity from one dated observation.,integer >= 0,dated observation,import or reviewer,internal/public projections,no,historical observations,CHECK/index in forward migration,20260803042525_normalized_elepem_core_model
elepem_core.facility_capacity_observations,effective_date,date,yes,,Effective date of the observed value.,ISO date; paired date checks,dated observation,import or reviewer,internal/public projections,no,historical observations,CHECK/index in forward migration,20260803042525_normalized_elepem_core_model
elepem_core.facility_capacity_observations,end_date,date,yes,,Historical end date.,ISO date; paired date checks,dated observation,import or reviewer,internal/public projections,no,historical observations,CHECK/index in forward migration,20260803042525_normalized_elepem_core_model
elepem_core.facility_capacity_observations,is_current,boolean,no,true,Reviewed current-value marker.,true|false,dated observation,import or reviewer,internal/public projections,no,historical observations,CHECK plus partial current index where singular,20260803042525_normalized_elepem_core_model
elepem_core.facility_capacity_observations,observation_id,bigint,no,,Immutable source-observation reference.,valid identity or referenced ID,dated observation,import or reviewer,internal/public projections,no,historical observations,FK plus join index where applicable,20260803042525_normalized_elepem_core_model
elepem_core.facility_capacity_observations,recorded_at,timestamptz,no,now(),Normalization timestamp.,timezone-aware timestamp,dated observation,import or reviewer,internal/public projections,no,historical observations,CHECK/index in forward migration,20260803042525_normalized_elepem_core_model
elepem_core.facility_geocodes,id,bigint,no,,Surrogate row identifier.,valid identity or referenced ID,IDE Uruguay manual or legacy,geocoder or reviewer,internal/public projections,no,history and bounded IDE response,primary key; identity,20260803042525_normalized_elepem_core_model
elepem_core.facility_geocodes,facility_id,bigint,no,,Canonical physical-site reference.,valid identity or referenced ID,IDE Uruguay manual or legacy,geocoder or reviewer,internal/public projections,no,history and bounded IDE response,FK plus join index where applicable,20260803042525_normalized_elepem_core_model
elepem_core.facility_geocodes,address_id,bigint,no,,Exact geocoded address reference.,valid identity or referenced ID,IDE Uruguay manual or legacy,geocoder or reviewer,internal/public projections,no,history and bounded IDE response,FK plus join index where applicable,20260803042525_normalized_elepem_core_model
elepem_core.facility_geocodes,provider,text,no,,"IDE Uruguay, manual, or legacy coordinate source.",ide_uy|manual|legacy; Google coordinates prohibited,IDE Uruguay manual or legacy,geocoder or reviewer,internal/public projections,no,history and bounded IDE response,length/value CHECK,20260803042525_normalized_elepem_core_model
elepem_core.facility_geocodes,query_original,text,yes,,Original independently sourced geocoding query.,CHECK/FK/length rules in migration,IDE Uruguay manual or legacy,geocoder or reviewer,internal/public projections,no,history and bounded IDE response,length/value CHECK,20260803042525_normalized_elepem_core_model
elepem_core.facility_geocodes,query_normalized,text,yes,,Normalized controlled geocoding query.,CHECK/FK/length rules in migration,IDE Uruguay manual or legacy,geocoder or reviewer,internal/public projections,no,history and bounded IDE response,length/value CHECK,20260803042525_normalized_elepem_core_model
elepem_core.facility_geocodes,lat,double precision,no,,Selected latitude.,-90..90,IDE Uruguay manual or legacy,geocoder or reviewer,internal/public projections,no,history and bounded IDE response,CHECK/index in forward migration,20260803042525_normalized_elepem_core_model
elepem_core.facility_geocodes,lng,double precision,no,,Selected longitude.,-180..180,IDE Uruguay manual or legacy,geocoder or reviewer,internal/public projections,no,history and bounded IDE response,CHECK/index in forward migration,20260803042525_normalized_elepem_core_model
elepem_core.facility_geocodes,precision,text,no,,"Door, street, or referential accuracy.",puerta|calle|referencial,IDE Uruguay manual or legacy,geocoder or reviewer,internal/public projections,no,history and bounded IDE response,length/value CHECK,20260803042525_normalized_elepem_core_model
elepem_core.facility_geocodes,precision_label,text,no,,Human-readable accuracy note.,CHECK/FK/length rules in migration,IDE Uruguay manual or legacy,geocoder or reviewer,internal/public projections,no,history and bounded IDE response,length/value CHECK,20260803042525_normalized_elepem_core_model
elepem_core.facility_geocodes,provider_response,jsonb,yes,,Bounded raw IDE response; never Google payload.,JSON object within CHECK/size limits,IDE Uruguay manual or legacy,geocoder or reviewer,internal/public projections,no,history and bounded IDE response,JSON type/size CHECK,20260803042525_normalized_elepem_core_model
elepem_core.facility_geocodes,manually_corrected,boolean,no,false,Human correction marker.,true|false,IDE Uruguay manual or legacy,geocoder or reviewer,internal/public projections,no,history and bounded IDE response,CHECK/index in forward migration,20260803042525_normalized_elepem_core_model
elepem_core.facility_geocodes,reviewed_by,text,yes,,Reviewer identity.,CHECK/FK/length rules in migration,IDE Uruguay manual or legacy,geocoder or reviewer,internal/public projections,no,history and bounded IDE response,length/value CHECK,20260803042525_normalized_elepem_core_model
elepem_core.facility_geocodes,checked_at,timestamptz,no,,Controlled verification timestamp.,timezone-aware timestamp,IDE Uruguay manual or legacy,geocoder or reviewer,internal/public projections,no,history and bounded IDE response,CHECK/index in forward migration,20260803042525_normalized_elepem_core_model
elepem_core.facility_geocodes,is_current,boolean,no,true,Reviewed current-value marker.,true|false,IDE Uruguay manual or legacy,geocoder or reviewer,internal/public projections,no,history and bounded IDE response,CHECK plus partial current index where singular,20260803042525_normalized_elepem_core_model
elepem_core.facility_geocodes,observation_id,bigint,yes,,Immutable source-observation reference.,valid identity or referenced ID,IDE Uruguay manual or legacy,geocoder or reviewer,internal/public projections,no,history and bounded IDE response,FK plus join index where applicable,20260803042525_normalized_elepem_core_model
elepem_core.facility_geocodes,created_at,timestamptz,no,now(),Row creation timestamp.,timezone-aware timestamp,IDE Uruguay manual or legacy,geocoder or reviewer,internal/public projections,no,history and bounded IDE response,CHECK/index in forward migration,20260803042525_normalized_elepem_core_model
elepem_core.facility_reviews,id,bigint,no,,Surrogate row identifier.,valid identity or referenced ID,human decision,authorized reviewer,publication guard/auditor,no,append-only permanent,primary key; identity,20260803042525_normalized_elepem_core_model
elepem_core.facility_reviews,facility_id,bigint,no,,Canonical physical-site reference.,valid identity or referenced ID,human decision,authorized reviewer,publication guard/auditor,no,append-only permanent,FK plus join index where applicable,20260803042525_normalized_elepem_core_model
elepem_core.facility_reviews,review_type,text,no,,Human review category.,identity|evidence|publication|correction|closure,human decision,authorized reviewer,publication guard/auditor,no,append-only permanent,CHECK; review rows append-only,20260803042525_normalized_elepem_core_model
elepem_core.facility_reviews,outcome,text,no,,Immutable review result.,verified|needs_more_evidence|rejected|approve_publication|withdraw_publication,human decision,authorized reviewer,publication guard/auditor,no,append-only permanent,CHECK; review rows append-only,20260803042525_normalized_elepem_core_model
elepem_core.facility_reviews,evidence_tier,text,no,,Evidence level at review time.,A|B|C; publication approval only A/B,human decision,authorized reviewer,publication guard/auditor,no,append-only permanent,CHECK; review rows append-only,20260803042525_normalized_elepem_core_model
elepem_core.facility_reviews,reviewer_identifier,text,no,,Authenticated reviewer identifier.,CHECK/FK/length rules in migration,human decision,authorized reviewer,publication guard/auditor,no,append-only permanent,length/value CHECK,20260803042525_normalized_elepem_core_model
elepem_core.facility_reviews,review_note,text,no,,Required factual decision explanation.,CHECK/FK/length rules in migration,human decision,authorized reviewer,publication guard/auditor,no,append-only permanent,length/value CHECK,20260803042525_normalized_elepem_core_model
elepem_core.facility_reviews,created_at,timestamptz,no,now(),Row creation timestamp.,timezone-aware timestamp,human decision,authorized reviewer,publication guard/auditor,no,append-only permanent,CHECK/index in forward migration,20260803042525_normalized_elepem_core_model
elepem_core.audit_log,id,bigint,no,,Surrogate row identifier.,valid identity or referenced ID,server workflow,authorized server workflow,auditor only,no,append-only permanent,primary key; identity,20260803042525_normalized_elepem_core_model
elepem_core.audit_log,entity_type,text,no,,Audited entity category.,CHECK/FK/length rules in migration,server workflow,authorized server workflow,auditor only,no,append-only permanent,length/value CHECK,20260803042525_normalized_elepem_core_model
elepem_core.audit_log,entity_key,text,no,,Audited stable identifier.,CHECK/FK/length rules in migration,server workflow,authorized server workflow,auditor only,no,append-only permanent,length/value CHECK,20260803042525_normalized_elepem_core_model
elepem_core.audit_log,action,text,no,,Audited workflow action.,CHECK/FK/length rules in migration,server workflow,authorized server workflow,auditor only,no,append-only permanent,length/value CHECK,20260803042525_normalized_elepem_core_model
elepem_core.audit_log,actor_identifier,text,no,,Authenticated actor or controlled job.,CHECK/FK/length rules in migration,server workflow,authorized server workflow,auditor only,no,append-only permanent,length/value CHECK,20260803042525_normalized_elepem_core_model
elepem_core.audit_log,before_state,jsonb,yes,,Bounded pre-change state.,JSON object within CHECK/size limits,server workflow,authorized server workflow,auditor only,no,append-only permanent,JSON type/size CHECK,20260803042525_normalized_elepem_core_model
elepem_core.audit_log,after_state,jsonb,yes,,Bounded post-change state.,JSON object within CHECK/size limits,server workflow,authorized server workflow,auditor only,no,append-only permanent,JSON type/size CHECK,20260803042525_normalized_elepem_core_model
elepem_core.audit_log,request_id,text,yes,,Server request/import correlation ID.,valid identity or referenced ID,server workflow,authorized server workflow,auditor only,no,append-only permanent,FK plus join index where applicable,20260803042525_normalized_elepem_core_model
elepem_core.audit_log,created_at,timestamptz,no,now(),Row creation timestamp.,timezone-aware timestamp,server workflow,authorized server workflow,auditor only,no,append-only permanent,CHECK/index in forward migration,20260803042525_normalized_elepem_core_model
elepem_core.legacy_facility_map,legacy_residencial_id,text,no,,Stable public.residenciales ID.,valid identity or referenced ID,legacy reconciliation,backfill or reviewer,cutover/reconciliation,no,permanent through cutover,FK plus join index where applicable,20260803042525_normalized_elepem_core_model
elepem_core.legacy_facility_map,facility_id,bigint,yes,,Canonical physical-site reference.,valid identity or referenced ID,legacy reconciliation,backfill or reviewer,cutover/reconciliation,no,permanent through cutover,FK plus join index where applicable,20260803042525_normalized_elepem_core_model
elepem_core.legacy_facility_map,mapping_status,text,no,'pending',Old-to-new reconciliation state.,mapped|pending|conflict|excluded,legacy reconciliation,backfill or reviewer,cutover/reconciliation,no,permanent through cutover,length/value CHECK,20260803042525_normalized_elepem_core_model
elepem_core.legacy_facility_map,match_method,text,yes,,Approved mapping method.,exact_id|exact_address|human_review,legacy reconciliation,backfill or reviewer,cutover/reconciliation,no,permanent through cutover,length/value CHECK,20260803042525_normalized_elepem_core_model
elepem_core.legacy_facility_map,conflict_note,text,yes,,Unresolved conflict explanation.,CHECK/FK/length rules in migration,legacy reconciliation,backfill or reviewer,cutover/reconciliation,no,permanent through cutover,length/value CHECK,20260803042525_normalized_elepem_core_model
elepem_core.legacy_facility_map,mapped_by,text,yes,,Mapping reviewer/job.,CHECK/FK/length rules in migration,legacy reconciliation,backfill or reviewer,cutover/reconciliation,no,permanent through cutover,length/value CHECK,20260803042525_normalized_elepem_core_model
elepem_core.legacy_facility_map,mapped_at,timestamptz,yes,,Mapping approval timestamp.,timezone-aware timestamp,legacy reconciliation,backfill or reviewer,cutover/reconciliation,no,permanent through cutover,CHECK/index in forward migration,20260803042525_normalized_elepem_core_model
elepem_core.legacy_facility_map,created_at,timestamptz,no,now(),Row creation timestamp.,timezone-aware timestamp,legacy reconciliation,backfill or reviewer,cutover/reconciliation,no,permanent through cutover,CHECK/index in forward migration,20260803042525_normalized_elepem_core_model
discovery_private.facility_source_runs,source_catalog_id,bigint,yes,,Normalized source-catalog link.,valid identity or referenced ID,normalized transition link,authorized import/reviewer,private discovery workflow,no,with parent audit record,FK plus join index where applicable,20260803042525_normalized_elepem_core_model
discovery_private.facility_source_observations,source_catalog_id,bigint,yes,,Normalized source-catalog link.,valid identity or referenced ID,normalized transition link,authorized import/reviewer,private discovery workflow,no,with parent audit record,FK plus join index where applicable,20260803042525_normalized_elepem_core_model
discovery_private.facility_candidates,resolved_facility_id,bigint,yes,,Human-selected canonical result for a candidate.,valid identity or referenced ID,normalized transition link,authorized import/reviewer,private discovery workflow,no,with parent audit record,FK plus join index where applicable,20260803042525_normalized_elepem_core_model
discovery_private.facility_candidate_match_suggestions,facility_id,bigint,yes,,Canonical physical-site reference.,valid identity or referenced ID,normalized transition link,authorized import/reviewer,private discovery workflow,no,with parent audit record,FK plus join index where applicable,20260803042525_normalized_elepem_core_model
discovery_private.facility_candidate_review_events,matched_facility_id,bigint,yes,,Canonical facility in a review event.,valid identity or referenced ID,normalized transition link,authorized import/reviewer,private discovery workflow,no,with parent audit record,FK plus join index where applicable,20260803042525_normalized_elepem_core_model
discovery_private.facility_external_ids,facility_id,bigint,yes,,Canonical physical-site reference.,valid identity or referenced ID,normalized transition link,authorized import/reviewer,private discovery workflow,no,with parent audit record,FK plus join index where applicable,20260803042525_normalized_elepem_core_model
public.facilities_current_internal,facility_id,bigint,derived,derived,Canonical physical-site reference.,valid identity or referenced ID,normalized operational tables,view only,internal server workflows,no,derived,view-derived; anon/authenticated grants revoked,20260803042525_normalized_elepem_core_model
public.facilities_current_internal,facility_key,text,derived,derived,Stable public-safe ID for one physical site.,CHECK/FK/length rules in migration,normalized operational tables,view only,internal server workflows,no,derived,view-derived; anon/authenticated grants revoked,20260803042525_normalized_elepem_core_model
public.facilities_current_internal,lifecycle_status,text,derived,derived,Separates current and historical lifecycle states.,CHECK/FK/length rules in migration,normalized operational tables,view only,internal server workflows,no,derived,view-derived; anon/authenticated grants revoked,20260803042525_normalized_elepem_core_model
public.facilities_current_internal,review_status,text,derived,derived,Human verification state.,CHECK/FK/length rules in migration,normalized operational tables,view only,internal server workflows,no,derived,view-derived; anon/authenticated grants revoked,20260803042525_normalized_elepem_core_model
public.facilities_current_internal,publication_status,text,derived,derived,Explicit eligibility and publication gate.,CHECK/FK/length rules in migration,normalized operational tables,view only,internal server workflows,no,derived,view-derived; anon/authenticated grants revoked,20260803042525_normalized_elepem_core_model
public.facilities_current_internal,name,text,derived,derived,Observed or selected facility name.,CHECK/FK/length rules in migration,normalized operational tables,view only,internal server workflows,no,derived,view-derived; anon/authenticated grants revoked,20260803042525_normalized_elepem_core_model
public.facilities_current_internal,normalized_name,text,derived,derived,Comparison value that never replaces observed text.,CHECK/FK/length rules in migration,normalized operational tables,view only,internal server workflows,no,derived,view-derived; anon/authenticated grants revoked,20260803042525_normalized_elepem_core_model
public.facilities_current_internal,department,text,derived,derived,Source-backed Uruguayan department.,CHECK/FK/length rules in migration,normalized operational tables,view only,internal server workflows,no,derived,view-derived; anon/authenticated grants revoked,20260803042525_normalized_elepem_core_model
public.facilities_current_internal,locality,text,derived,derived,Source-backed locality.,CHECK/FK/length rules in migration,normalized operational tables,view only,internal server workflows,no,derived,view-derived; anon/authenticated grants revoked,20260803042525_normalized_elepem_core_model
public.facilities_current_internal,address,text,derived,derived,Stored or projected address value.,CHECK/FK/length rules in migration,normalized operational tables,view only,internal server workflows,no,derived,view-derived; anon/authenticated grants revoked,20260803042525_normalized_elepem_core_model
public.facilities_current_internal,lat,double precision,derived,derived,Selected latitude.,-90..90,normalized operational tables,view only,internal server workflows,no,derived,view-derived; anon/authenticated grants revoked,20260803042525_normalized_elepem_core_model
public.facilities_current_internal,lng,double precision,derived,derived,Selected longitude.,-180..180,normalized operational tables,view only,internal server workflows,no,derived,view-derived; anon/authenticated grants revoked,20260803042525_normalized_elepem_core_model
public.facilities_current_internal,precision,text,derived,derived,"Door, street, or referential accuracy.",CHECK/FK/length rules in migration,normalized operational tables,view only,internal server workflows,no,derived,view-derived; anon/authenticated grants revoked,20260803042525_normalized_elepem_core_model
public.facilities_current_internal,places,integer,derived,derived,Capacity from one dated observation.,integer >= 0,normalized operational tables,view only,internal server workflows,no,derived,view-derived; anon/authenticated grants revoked,20260803042525_normalized_elepem_core_model
public.facilities_current_internal,created_at,timestamptz,derived,derived,Row creation timestamp.,timezone-aware timestamp,normalized operational tables,view only,internal server workflows,no,derived,view-derived; anon/authenticated grants revoked,20260803042525_normalized_elepem_core_model
public.facilities_current_internal,updated_at,timestamptz,derived,derived,Last controlled update timestamp.,timezone-aware timestamp,normalized operational tables,view only,internal server workflows,no,derived,view-derived; anon/authenticated grants revoked,20260803042525_normalized_elepem_core_model
public.facilities_public_approved,id,text,derived,derived,Surrogate row identifier.,valid identity or referenced ID,approved normalized records,view only,public map server endpoint,yes_via_server_endpoint_only,derived,view-derived; anon/authenticated grants revoked,20260803042525_normalized_elepem_core_model
public.facilities_public_approved,name,text,derived,derived,Observed or selected facility name.,CHECK/FK/length rules in migration,approved normalized records,view only,public map server endpoint,yes_via_server_endpoint_only,derived,view-derived; anon/authenticated grants revoked,20260803042525_normalized_elepem_core_model
public.facilities_public_approved,department,text,derived,derived,Source-backed Uruguayan department.,CHECK/FK/length rules in migration,approved normalized records,view only,public map server endpoint,yes_via_server_endpoint_only,derived,view-derived; anon/authenticated grants revoked,20260803042525_normalized_elepem_core_model
public.facilities_public_approved,locality,text,derived,derived,Source-backed locality.,CHECK/FK/length rules in migration,approved normalized records,view only,public map server endpoint,yes_via_server_endpoint_only,derived,view-derived; anon/authenticated grants revoked,20260803042525_normalized_elepem_core_model
public.facilities_public_approved,address,text,derived,derived,Stored or projected address value.,CHECK/FK/length rules in migration,approved normalized records,view only,public map server endpoint,yes_via_server_endpoint_only,derived,view-derived; anon/authenticated grants revoked,20260803042525_normalized_elepem_core_model
public.facilities_public_approved,places,integer,derived,derived,Capacity from one dated observation.,integer >= 0,approved normalized records,view only,public map server endpoint,yes_via_server_endpoint_only,derived,view-derived; anon/authenticated grants revoked,20260803042525_normalized_elepem_core_model
public.facilities_public_approved,lat,double precision,derived,derived,Selected latitude.,-90..90,approved normalized records,view only,public map server endpoint,yes_via_server_endpoint_only,derived,view-derived; anon/authenticated grants revoked,20260803042525_normalized_elepem_core_model
public.facilities_public_approved,lng,double precision,derived,derived,Selected longitude.,-180..180,approved normalized records,view only,public map server endpoint,yes_via_server_endpoint_only,derived,view-derived; anon/authenticated grants revoked,20260803042525_normalized_elepem_core_model
public.facilities_public_approved,precision,text,derived,derived,"Door, street, or referential accuracy.",puerta|calle|referencial,approved normalized records,view only,public map server endpoint,yes_via_server_endpoint_only,derived,view-derived; anon/authenticated grants revoked,20260803042525_normalized_elepem_core_model
public.facilities_public_approved,precision_label,text,derived,derived,Human-readable accuracy note.,CHECK/FK/length rules in migration,approved normalized records,view only,public map server endpoint,yes_via_server_endpoint_only,derived,view-derived; anon/authenticated grants revoked,20260803042525_normalized_elepem_core_model
public.facilities_public_approved,status_group,text,derived,derived,Legacy public-map group.,habilitado|registro|verificar,approved normalized records,view only,public map server endpoint,yes_via_server_endpoint_only,derived,view-derived; anon/authenticated grants revoked,20260803042525_normalized_elepem_core_model
public.facilities_public_approved,status_stage,text,derived,derived,Legacy stage label.,CHECK/FK/length rules in migration,approved normalized records,view only,public map server endpoint,yes_via_server_endpoint_only,derived,view-derived; anon/authenticated grants revoked,20260803042525_normalized_elepem_core_model
public.facilities_public_approved,status_short,text,derived,derived,Legacy short status.,CHECK/FK/length rules in migration,approved normalized records,view only,public map server endpoint,yes_via_server_endpoint_only,derived,view-derived; anon/authenticated grants revoked,20260803042525_normalized_elepem_core_model
public.facilities_public_approved,source_label,text,derived,derived,Safe provenance summary.,CHECK/FK/length rules in migration,approved normalized records,view only,public map server endpoint,yes_via_server_endpoint_only,derived,view-derived; anon/authenticated grants revoked,20260803042525_normalized_elepem_core_model
public.facilities_public_approved,created_at,timestamptz,derived,derived,Row creation timestamp.,timezone-aware timestamp,approved normalized records,view only,public map server endpoint,yes_via_server_endpoint_only,derived,view-derived; anon/authenticated grants revoked,20260803042525_normalized_elepem_core_model
public.facilities_public_approved,updated_at,timestamptz,derived,derived,Last controlled update timestamp.,timezone-aware timestamp,approved normalized records,view only,public map server endpoint,yes_via_server_endpoint_only,derived,view-derived; anon/authenticated grants revoked,20260803042525_normalized_elepem_core_model
public.facilities_public_approved,msp_final,boolean,derived,derived,Derived MSP final-authorization flag.,true|false,approved normalized records,view only,public map server endpoint,yes_via_server_endpoint_only,derived,view-derived; anon/authenticated grants revoked,20260803042525_normalized_elepem_core_model
public.facilities_public_approved,msp_registro_historico,boolean,derived,derived,Derived MSP historical-registration flag.,true|false,approved normalized records,view only,public map server endpoint,yes_via_server_endpoint_only,derived,view-derived; anon/authenticated grants revoked,20260803042525_normalized_elepem_core_model
public.facilities_public_approved,mides_social,boolean,derived,derived,Derived MIDES certificate flag.,true|false,approved normalized records,view only,public map server endpoint,yes_via_server_endpoint_only,derived,view-derived; anon/authenticated grants revoked,20260803042525_normalized_elepem_core_model
public.facilities_public_approved,pacp,boolean,derived,derived,Derived PACP registry flag.,true|false,approved normalized records,view only,public map server endpoint,yes_via_server_endpoint_only,derived,view-derived; anon/authenticated grants revoked,20260803042525_normalized_elepem_core_model
public.facilities_public_approved,other_source,boolean,derived,derived,Derived other-source flag.,true|false,approved normalized records,view only,public map server endpoint,yes_via_server_endpoint_only,derived,view-derived; anon/authenticated grants revoked,20260803042525_normalized_elepem_core_model
public.residenciales_legacy_compat,id,text,derived,derived,Surrogate row identifier.,valid identity or referenced ID,unchanged legacy table,view only,legacy adapter,no,derived until deprecation,view-derived; anon/authenticated grants revoked,20260803042525_normalized_elepem_core_model
public.residenciales_legacy_compat,name,text,derived,derived,Observed or selected facility name.,CHECK/FK/length rules in migration,unchanged legacy table,view only,legacy adapter,no,derived until deprecation,view-derived; anon/authenticated grants revoked,20260803042525_normalized_elepem_core_model
public.residenciales_legacy_compat,department,text,derived,derived,Source-backed Uruguayan department.,CHECK/FK/length rules in migration,unchanged legacy table,view only,legacy adapter,no,derived until deprecation,view-derived; anon/authenticated grants revoked,20260803042525_normalized_elepem_core_model
public.residenciales_legacy_compat,locality,text,derived,derived,Source-backed locality.,CHECK/FK/length rules in migration,unchanged legacy table,view only,legacy adapter,no,derived until deprecation,view-derived; anon/authenticated grants revoked,20260803042525_normalized_elepem_core_model
public.residenciales_legacy_compat,address,text,derived,derived,Stored or projected address value.,CHECK/FK/length rules in migration,unchanged legacy table,view only,legacy adapter,no,derived until deprecation,view-derived; anon/authenticated grants revoked,20260803042525_normalized_elepem_core_model
public.residenciales_legacy_compat,places,integer,derived,derived,Capacity from one dated observation.,integer >= 0,unchanged legacy table,view only,legacy adapter,no,derived until deprecation,view-derived; anon/authenticated grants revoked,20260803042525_normalized_elepem_core_model
public.residenciales_legacy_compat,lat,double precision,derived,derived,Selected latitude.,-90..90,unchanged legacy table,view only,legacy adapter,no,derived until deprecation,view-derived; anon/authenticated grants revoked,20260803042525_normalized_elepem_core_model
public.residenciales_legacy_compat,lng,double precision,derived,derived,Selected longitude.,-180..180,unchanged legacy table,view only,legacy adapter,no,derived until deprecation,view-derived; anon/authenticated grants revoked,20260803042525_normalized_elepem_core_model
public.residenciales_legacy_compat,precision,text,derived,derived,"Door, street, or referential accuracy.",CHECK/FK/length rules in migration,unchanged legacy table,view only,legacy adapter,no,derived until deprecation,view-derived; anon/authenticated grants revoked,20260803042525_normalized_elepem_core_model
public.residenciales_legacy_compat,precision_label,text,derived,derived,Human-readable accuracy note.,CHECK/FK/length rules in migration,unchanged legacy table,view only,legacy adapter,no,derived until deprecation,view-derived; anon/authenticated grants revoked,20260803042525_normalized_elepem_core_model
public.residenciales_legacy_compat,status_group,text,derived,derived,Legacy public-map group.,CHECK/FK/length rules in migration,unchanged legacy table,view only,legacy adapter,no,derived until deprecation,view-derived; anon/authenticated grants revoked,20260803042525_normalized_elepem_core_model
public.residenciales_legacy_compat,status_stage,text,derived,derived,Legacy stage label.,CHECK/FK/length rules in migration,unchanged legacy table,view only,legacy adapter,no,derived until deprecation,view-derived; anon/authenticated grants revoked,20260803042525_normalized_elepem_core_model
public.residenciales_legacy_compat,status_short,text,derived,derived,Legacy short status.,CHECK/FK/length rules in migration,unchanged legacy table,view only,legacy adapter,no,derived until deprecation,view-derived; anon/authenticated grants revoked,20260803042525_normalized_elepem_core_model
public.residenciales_legacy_compat,source_label,text,derived,derived,Safe provenance summary.,CHECK/FK/length rules in migration,unchanged legacy table,view only,legacy adapter,no,derived until deprecation,view-derived; anon/authenticated grants revoked,20260803042525_normalized_elepem_core_model
public.residenciales_legacy_compat,created_at,timestamptz,derived,derived,Row creation timestamp.,timezone-aware timestamp,unchanged legacy table,view only,legacy adapter,no,derived until deprecation,view-derived; anon/authenticated grants revoked,20260803042525_normalized_elepem_core_model
public.residenciales_legacy_compat,updated_at,timestamptz,derived,derived,Last controlled update timestamp.,timezone-aware timestamp,unchanged legacy table,view only,legacy adapter,no,derived until deprecation,view-derived; anon/authenticated grants revoked,20260803042525_normalized_elepem_core_model
public.residenciales_legacy_compat,msp_final,boolean,derived,derived,Derived MSP final-authorization flag.,true|false,unchanged legacy table,view only,legacy adapter,no,derived until deprecation,view-derived; anon/authenticated grants revoked,20260803042525_normalized_elepem_core_model
public.residenciales_legacy_compat,msp_registro_historico,boolean,derived,derived,Derived MSP historical-registration flag.,true|false,unchanged legacy table,view only,legacy adapter,no,derived until deprecation,view-derived; anon/authenticated grants revoked,20260803042525_normalized_elepem_core_model
public.residenciales_legacy_compat,mides_social,boolean,derived,derived,Derived MIDES certificate flag.,true|false,unchanged legacy table,view only,legacy adapter,no,derived until deprecation,view-derived; anon/authenticated grants revoked,20260803042525_normalized_elepem_core_model
public.residenciales_legacy_compat,pacp,boolean,derived,derived,Derived PACP registry flag.,true|false,unchanged legacy table,view only,legacy adapter,no,derived until deprecation,view-derived; anon/authenticated grants revoked,20260803042525_normalized_elepem_core_model
public.residenciales_legacy_compat,other_source,boolean,derived,derived,Derived other-source flag.,true|false,unchanged legacy table,view only,legacy adapter,no,derived until deprecation,view-derived; anon/authenticated grants revoked,20260803042525_normalized_elepem_core_model
public.known_facilities_exclusion_view,subject_type,text,derived,derived,Exclusion entry category.,normalized_facility|legacy_residencial|private_candidate,normalized legacy and candidates,view only,private matcher,no,derived,view-derived; anon/authenticated grants revoked,20260803042525_normalized_elepem_core_model
public.known_facilities_exclusion_view,subject_id,text,derived,derived,Stable exclusion subject ID.,valid identity or referenced ID,normalized legacy and candidates,view only,private matcher,no,derived,view-derived; anon/authenticated grants revoked,20260803042525_normalized_elepem_core_model
public.known_facilities_exclusion_view,name,text,derived,derived,Observed or selected facility name.,CHECK/FK/length rules in migration,normalized legacy and candidates,view only,private matcher,no,derived,view-derived; anon/authenticated grants revoked,20260803042525_normalized_elepem_core_model
public.known_facilities_exclusion_view,normalized_name,text,derived,derived,Comparison value that never replaces observed text.,CHECK/FK/length rules in migration,normalized legacy and candidates,view only,private matcher,no,derived,view-derived; anon/authenticated grants revoked,20260803042525_normalized_elepem_core_model
public.known_facilities_exclusion_view,department,text,derived,derived,Source-backed Uruguayan department.,CHECK/FK/length rules in migration,normalized legacy and candidates,view only,private matcher,no,derived,view-derived; anon/authenticated grants revoked,20260803042525_normalized_elepem_core_model
public.known_facilities_exclusion_view,locality,text,derived,derived,Source-backed locality.,CHECK/FK/length rules in migration,normalized legacy and candidates,view only,private matcher,no,derived,view-derived; anon/authenticated grants revoked,20260803042525_normalized_elepem_core_model
public.known_facilities_exclusion_view,address,text,derived,derived,Stored or projected address value.,CHECK/FK/length rules in migration,normalized legacy and candidates,view only,private matcher,no,derived,view-derived; anon/authenticated grants revoked,20260803042525_normalized_elepem_core_model
public.known_facilities_exclusion_view,lifecycle_status,text,derived,derived,Separates current and historical lifecycle states.,CHECK/FK/length rules in migration,normalized legacy and candidates,view only,private matcher,no,derived,view-derived; anon/authenticated grants revoked,20260803042525_normalized_elepem_core_model
public.known_facilities_exclusion_view,review_status,text,derived,derived,Human verification state.,CHECK/FK/length rules in migration,normalized legacy and candidates,view only,private matcher,no,derived,view-derived; anon/authenticated grants revoked,20260803042525_normalized_elepem_core_model
public.known_facilities_exclusion_view,evidence_tier,text,derived,derived,Evidence level at review time.,A|B|C or null,normalized legacy and candidates,view only,private matcher,no,derived,view-derived; anon/authenticated grants revoked,20260803042525_normalized_elepem_core_model
public.known_facilities_exclusion_view,source_url,text,derived,derived,Latest retained provenance URL.,http(s) URL within CHECK length,normalized legacy and candidates,view only,private matcher,no,derived,view-derived; anon/authenticated grants revoked,20260803042525_normalized_elepem_core_model
public.known_facilities_exclusion_view,last_seen_at,timestamptz,derived,derived,Latest known-seen timestamp.,timezone-aware timestamp,normalized legacy and candidates,view only,private matcher,no,derived,view-derived; anon/authenticated grants revoked,20260803042525_normalized_elepem_core_model
arandu_demo.facilities,id,text,no,,Reserved demo identifier.,DEMO-ELEPEM-001..003,demo seed migration,demo migration,server demo map,no,delete with demo reset,primary key; reserved ID CHECK,20260810223000_add_demo_map_facilities
arandu_demo.facilities,name,text,no,,Fictitious display name.,non-empty text,demo seed migration,demo migration,server demo map,no,delete with demo reset,not null,20260810223000_add_demo_map_facilities
arandu_demo.facilities,department,text,no,,Fictitious map department.,Montevideo|Paysandú|Canelones,demo seed migration,demo migration,server demo map,no,delete with demo reset,value CHECK,20260810223000_add_demo_map_facilities
arandu_demo.facilities,locality,text,no,,Fictitious locality label.,non-empty text,demo seed migration,demo migration,server demo map,no,delete with demo reset,not null,20260810223000_add_demo_map_facilities
arandu_demo.facilities,address,text,no,,Fictitious address label.,must remain explicitly fictitious,demo seed migration,demo migration,server demo map,no,delete with demo reset,not null,20260810223000_add_demo_map_facilities
arandu_demo.facilities,description,text,no,,Fictitious short description.,non-empty text,demo seed migration,demo migration,server demo map,no,delete with demo reset,not null,20260810223000_add_demo_map_facilities
arandu_demo.facilities,phone,text,no,,Fictitious business phone.,demo-only value,demo seed migration,demo migration,server demo map,no,delete with demo reset,not null,20260810223000_add_demo_map_facilities
arandu_demo.facilities,email,text,no,,Fictitious contact email.,demo.invalid domain,demo seed migration,demo migration,server demo map,no,delete with demo reset,domain CHECK,20260810223000_add_demo_map_facilities
arandu_demo.facilities,lat,double precision,no,,Approximate fictitious map latitude.,Uruguay bounds,demo seed migration,demo migration,server demo map,no,delete with demo reset,coordinate CHECK,20260810223000_add_demo_map_facilities
arandu_demo.facilities,lng,double precision,no,,Approximate fictitious map longitude.,Uruguay bounds,demo seed migration,demo migration,server demo map,no,delete with demo reset,coordinate CHECK,20260810223000_add_demo_map_facilities
arandu_demo.facilities,monthly_price_from_uyu,integer,no,,Fictitious monthly from price.,10000..500000,demo seed migration,demo migration,server demo map,no,delete with demo reset,price CHECK,20260810223000_add_demo_map_facilities
arandu_demo.facilities,price_as_of,date,no,,Visible date for fictitious price.,valid date,demo seed migration,demo migration,server demo map,no,delete with demo reset,not null,20260810223000_add_demo_map_facilities
arandu_demo.facilities,price_includes,text[],no,{},Fictitious included services.,text array,demo seed migration,demo migration,server demo map,no,delete with demo reset,not null,20260810223000_add_demo_map_facilities
arandu_demo.facilities,image_url,text,no,,Local synthetic image path.,/demo/ path,demo seed migration,demo migration,server demo map,no,delete with demo reset,path CHECK,20260810223000_add_demo_map_facilities
arandu_demo.facilities,image_alt,text,no,,Accessible synthetic image description.,non-empty text,demo seed migration,demo migration,server demo map,no,delete with demo reset,not null,20260810223000_add_demo_map_facilities
arandu_demo.facilities,is_test,boolean,no,true,Prevents canonical treatment.,true only,demo seed migration,demo migration,server demo map,no,delete with demo reset,true CHECK,20260810223000_add_demo_map_facilities
arandu_demo.facilities,active,boolean,no,true,Controls visibility in demo mode.,true|false,demo seed migration,demo migration,server demo map,no,delete with demo reset,not null,20260810223000_add_demo_map_facilities
arandu_demo.facilities,created_at,timestamptz,no,now(),Creation timestamp.,timezone-aware timestamp,database,database,server audit,no,delete with demo reset,not null,20260810223000_add_demo_map_facilities
arandu_demo.facilities,updated_at,timestamptz,no,now(),Last demo update timestamp.,timezone-aware timestamp,database,demo migration,server audit,no,delete with demo reset,not null,20260810223000_add_demo_map_facilities
